2011-11-29 19:40:43.633,-95.0310743232,134161.730967817,144.6209026086,202.1741503424,24.7951722724,201.0948560874,50.0033798218,-0.0014368678,97.1672668457,11.7199020386
2011-11-29 19:40:43.666,-94.9904572707,134162.222746533,144.6706160271,201.9811511642,24.7884525562,201.0386165045,50.003364563,0,97.1768341064,11.6947250366
2011-11-29 19:40:43.700,-94.9484913082,134161.379156871,144.7633064276,202.0314571126,24.7527349645,200.9489535604,50.0033798218,0.0009155273,97.1564178467,11.7217178345
2011-11-29 19:40:43.733,-94.907366856,134150.635667951,144.7676405372,202.1212960972,24.8216331728,201.0496115566,50.0034065247,0.0005213264,97.1714477539,11.7051925659
2011-11-29 19:40:43.766,-94.8670899705,134162.4825921,144.7824524451,202.1468254967,24.9063055163,201.2645329261,50.0033874512,-0.0007375237,97.1837844849,11.6851348877
2011-11-29 19:40:43.800,-94.8266379063,134163.702365177,144.8516040282,202.2346686741,24.9307552785,201.3175790007,50.00340271,0.0005976297,97.1774597168,11.7053833008
2011-11-29 19:40:43.833,-94.7850190031,134162.517929697,144.8824993131,202.2376580829,24.9790511725,201.1612151129,50.0034255981,0.0004577637,97.194480896,11.6948776245
2011-11-29 19:40:43.866,-94.74508973,134161.638699808,144.9240956101,202.1826863895,25.0447174712,200.9130145547,50.0033950806,-0.0011316827,97.1801147461,11.7219772339
2011-11-29 19:40:43.900,-94.7058129128,134162.486906616,144.9811914484,202.205017683,25.0691587949,201.0001207642,50.0033607483,-0.0009282399,97.1677017212,11.6936264038
2011-11-29 19:40:43.933,-94.6638690923,134163.782027835,144.9631209332,202.1431445004,25.081942998,201.291458323,50.0033950806,0.0012206985,97.1804656982,11.6960754395
2011-11-29 19:40:43.966,-94.6220197946,134162.9564704,144.986687662,202.1038830972,25.105064665,201.189658547,50.0034255981,0.000699372,97.17628479,11.6816558838
2011-11-29 19:40:44.000,-94.5808373626,134161.199078223,145.0537365439,202.1257600723,25.1484111906,201.0232102429,50.0034141541,-0.0006357813,97.1669235229,11.7047042847
2011-11-29 19:40:44.033,-94.5401579804,134161.3132107,145.0988863586,202.0957344387,25.2339007635,201.0445621051,50.0034294128,0.0007629348,97.184753418,11.6997299194
2011-11-29 19:40:44.066,-94.498989481,134161.62425985,145.1486237194,201.9645690389,25.261110344,201.0552224405,50.0034408569,0.0005086418,97.1720581055,11.7031707764
2011-11-29 19:40:44.100,-94.4587847011,134150.707273445,145.2195621017,201.9400402392,25.2850707501,201.0637865312,50.0034179688,-0.0007629488,97.1693267822,11.7102813721
2011-11-29 19:40:44.133,-94.4192600376,134150.120553969,145.2767963294,202.035486901,25.3552110354,201.0625841924,50.0033874512,-0.0012588222,97.1715621948,11.7076644897
2011-11-29 19:40:44.166,-94.3781150607,134162.347329085,145.2994004596,202.136051787,25.3936239362,201.0597587381,50.0033836365,5.08641824126244E-05,97.1907501221,11.691734314
2011-11-29 19:40:44.200,-94.337040445,134163.417617171,145.3234992055,202.0637450357,25.422067516,201.0716968655,50.0033950806,0.0001525925,97.1713409424,11.6921691895
2011-11-29 19:40:44.233,-94.2963398144,134162.710900816,145.3395725473,202.0257498896,25.4673359443,201.256156586,50.0033836365,-0.0004323386,97.1721038818,11.7059249878
2011-11-29 19:40:44.266,-94.2548432443,134150.679829932,145.3469560809,202.0398242763,25.4990424519,201.316615875,50.0034103394,0.0012333971,97.1785430908,11.7187728882
2011-11-29 19:40:44.300,-94.2130117063,134150.447644123,145.3828690279,202.0266798601,25.5184274769,201.1924472067,50.0034370422,0.0008010864,97.1839828491,11.6969528198
2011-11-29 19:40:44.333,-94.1728782862,134162.378687192,145.4253222978,201.988632841,25.5537299123,201.1205511141,50.0034255981,-0.0006357534,97.175453186,11.6959915161
2011-11-29 19:40:44.366,-94.133777282,134163.030477833,145.5162987705,202.0788180691,25.6114414969,201.1899770996,50.0033988953,-0.0011062576,97.1768341064,11.7010345459
2011-11-29 19:40:44.400,-94.0928938137,134161.37818328,145.6282292682,202.1137942269,25.6729760154,201.2070766817,50.00340271,0.0006230548,97.176361084,11.7106018066
2011-11-29 19:40:44.433,-94.050808563,134150.111967316,145.6345967967,202.0495947778,25.7291457745,201.2897378958,50.0034141541,0.0001780316,97.1847610474,11.6962127686
2011-11-29 19:40:44.466,-94.0094375344,134162.058495589,145.6379051427,202.0712667289,25.7344019736,201.2562059503,50.0033988953,-0.0005722046,97.1832427979,11.7029342651
2011-11-29 19:40:44.500,-93.9688489711,134164.092241769,145.710651974,202.1138281414,25.7637537997,201.0835457434,50.0034103394,0.0008265115,97.1794128418,11.692779541
2011-11-29 19:40:44.533,-93.9281617816,134165.550782778,145.7378252131,202.0793797171,25.7971812652,201.13050609,50.0034217834,0.0001652911,97.1799087524,11.6959228516
2011-11-29 19:40:44.566,-93.8877303209,134165.065932838,145.7710763305,202.0247136645,25.8423937108,201.0863276811,50.0034065247,-0.0008010864,97.1574859619,11.7195129395
2011-11-29 19:40:44.600,-93.8471452129,134162.47828073,145.8129581692,202.1107099031,25.9326781705,201.0355881657,50.0033836365,-0.0003560353,97.1762466431,11.6885147095
2011-11-29 19:40:44.633,-93.8064295825,134161.378531962,145.8363868748,202.2534170587,25.9779934519,201.1887018578,50.0033836365,0,97.1653823853,11.7189559937
2011-11-29 19:40:44.666,-93.7653691895,134162.031628747,145.8701760448,202.2553950572,25.9891544306,201.2958548044,50.0033874512,0.00027976,97.1782073975,11.6996002197
2011-11-29 19:40:44.700,-93.7247840171,134162.872974943,145.9502519742,202.1963318514,26.0454380945,201.1920753409,50.0033874512,-0.0001907302,97.1775588989,11.693687439
2011-11-29 19:40:44.733,-93.6841384954,134162.879988519,146.0040553928,202.163196384,26.1000693961,201.023190671,50.0033912659,0.0002161553,97.1760253906,11.694152832
2011-11-29 19:40:44.766,-93.643114839,134163.383492391,146.0036310441,202.1265502764,26.0996372874,201.0196953607,50.00340271,0.0003560353,97.1793518066,11.7110214233
2011-11-29 19:40:44.800,-93.6019639518,134162.778433517,146.0401910973,202.2031372639,26.1417216629,201.1089015998,50.0034103394,0.0001653191,97.1462860107,11.734992981
2011-11-29 19:40:44.833,-93.5614836225,134161.57324323,146.0599739494,202.2214332607,26.2257556183,201.1830916432,50.0033988953,-0.0004323386,97.1767349243,11.6837997437
2011-11-29 19:40:44.866,-93.5211936482,134163.483879781,146.0743977775,202.0732816033,26.2864834637,201.1529193526,50.0033950806,-7.62892886996269E-05,97.1872787476,11.6847686768
2011-11-29 19:40:44.900,-93.480923458,134165.886162059,146.1384221454,202.0678369606,26.2901719677,201.1324939442,50.0033836365,-0.0004323106,97.1711654663,11.7049636841
2011-11-29 19:40:44.933,-93.440068767,134163.106671404,146.1869143277,202.133290204,26.3025218097,201.2904097516,50.0033798218,2.79396772384644E-08,97.17628479,11.6963043213
2011-11-29 19:40:44.966,-93.3986271897,134161.362731642,146.26690113,202.0872092583,26.3609911145,201.3586354568,50.0033798218,1.27265229821205E-05,97.1451797485,11.7205429077
2011-11-29 19:40:45.000,-93.3571694449,134161.267742595,146.3478968845,202.0387991591,26.4390978981,201.2013068296,50.0034065247,0.000953665,97.1782989502,11.7075042725
2011-11-29 19:40:45.033,-93.316988852,134159.913771664,146.3703280835,202.0717541503,26.485946971,201.0761478982,50.0034065247,-6.35627657175064E-05,97.1798858643,11.6761474609
2011-11-29 19:40:45.066,-93.2767565955,134150.450080553,146.3790298327,202.1218749024,26.4979962322,201.144572227,50.0034103394,0.0002924446,97.1577758789,11.7214355469
2011-11-29 19:40:45.100,-93.2351382024,134162.058389414,146.3928716063,202.1377124677,26.5495254945,201.1364066736,50.0034294128,0.0003306102,97.1667022705,11.6985321045
2011-11-29 19:40:45.133,-93.1943838822,134163.286881728,146.4395721946,202.0185476934,26.5939330716,201.0830479944,50.0034103394,-0.0008901022,97.1697692871,11.7150878906
2011-11-29 19:40:45.166,-93.1542816942,134163.571887267,146.5238623723,202.0955565215,26.6138022631,201.1812780906,50.0033721924,-0.001093559,97.1782150269,11.6863327026
2011-11-29 19:40:45.200,-93.1137655223,134164.464483283,146.5918065496,202.2548308383,26.6438913138,201.2438006984,50.0033798218,0.0004704902,97.1662216187,11.7092285156
2011-11-29 19:40:45.233,-93.0725212521,134163.314043274,146.5901772253,202.1977542229,26.6354877948,201.2681885522,50.00340271,0.0007375097,97.1663284302,11.6977844238
2011-11-29 19:40:45.266,-93.031164335,134162.031479972,146.601764001,202.1006247164,26.6466599659,201.2914283896,50.0033988953,-0.0003560493,97.1905593872,11.6807479858
2011-11-29 19:40:45.300,-92.9916340625,134164.781846796,146.6426387886,202.1101540305,26.7488664965,201.2865518441,50.0033798218,-0.000279732,97.1825408936,11.6873931885
2011-11-29 19:40:45.333,-92.9520882556,134165.560051442,146.6903624084,202.1758557991,26.8438529903,201.1901688443,50.0033798218,8.90158116817474E-05,97.1871185303,11.6791610718
2011-11-29 19:40:45.366,-92.9096339799,134162.394811721,146.7193872902,202.1716101872,26.8868311234,201.1218970542,50.0034103394,0.000813799,97.1711883545,11.70337677
2011-11-29 19:40:45.400,-92.8676473558,134159.827651591,146.7103388258,202.1690060791,26.8995004269,201.139440477,50.0034217834,-0.0001271535,97.1585083008,11.7232513428
2011-11-29 19:40:45.433,-92.8273436368,134159.748725519,146.7683504337,202.1390275519,26.937715162,201.1614400357,50.0033912659,-0.0007883878,97.1487960815,11.7245559692
2011-11-29 19:40:45.466,-92.7868928535,134150.110511494,146.8674207428,202.1175709233,27.0239677522,200.9697838503,50.00340271,0.0004323386,97.1795043945,11.6893157959
2011-11-29 19:40:45.500,-92.7459613419,134150.313074001,146.9267314938,202.0963275339,27.0673663396,200.8727991329,50.0034217834,0.0005722046,97.1768341064,11.6928787231
2011-11-29 19:40:45.533,-92.7052852844,134159.705090564,146.9674190104,202.1407586879,27.048345879,201.0456518846,50.0033950806,-0.0006866734,97.1856231689,11.7129516602
2011-11-29 19:40:45.566,-92.6650390777,134150.290901027,146.9959775566,202.2251815193,27.0938394189,201.2023096038,50.0033760071,-0.0005722046,97.1657104492,11.7122192383
2011-11-29 19:40:45.600,-92.6248766466,134161.608798821,147.0078069922,202.1536090213,27.1846040778,201.1677686431,50.0033721924,7.62892886996269E-05,97.1608734131,11.7198257446
2011-11-29 19:40:45.633,-92.5845457813,134161.301149552,147.0530024327,201.9804867667,27.2120365434,201.0628336662,50.0033683777,-0.0003178837,97.1881713867,11.6849441528
2011-11-29 19:40:45.666,-92.5434299966,134150.978338357,147.1145783429,202.1143578996,27.259447072,200.9084504532,50.0033683777,-1.39698386192322E-08,97.1709289551,11.6850891113
2011-11-29 19:40:45.700,-92.5013305476,134162.109786067,147.1668023343,202.317353466,27.3135304789,200.9388429104,50.0033798218,0.000813799,97.1631317139,11.7126617432
2011-11-29 19:40:45.733,-92.4608633417,134162.883498049,147.1955564865,202.1538880259,27.314910216,201.1369674719,50.0033950806,0,97.155380249,11.7086791992
2011-11-29 19:40:45.766,-92.4215401621,134162.382922313,147.2076438614,202.0609532551,27.3272480121,201.242387861,50.0033874512,-0.0004068855,97.1701202393,11.7148742676
2011-11-29 19:40:45.800,-92.3800445063,134162.437770808,147.2479421507,202.0680552916,27.4021172015,201.2633654963,50.0034179688,0.0015004585,97.178062439,11.7024993896
2011-11-29 19:40:45.833,-92.3382197334,134162.015460007,147.3072229407,202.090544672,27.4350636987,201.1704512333,50.0034370422,-7.63032585382462E-05,97.1662216187,11.6988525391
2011-11-29 19:40:45.866,-92.297853144,134161.44196509,147.3573737714,202.1595076966,27.440809437,201.0494659944,50.0033874512,-0.0016403245,97.1801223755,11.7005767822
2011-11-29 19:40:45.900,-92.2572272129,134162.052666692,147.4090182216,202.2151627444,27.4944815616,201.1636335984,50.0033912659,0.0008901022,97.1815948486,11.6935653687
2011-11-29 19:40:45.933,-92.2162355559,134162.635092467,147.441580441,202.066710676,27.5646647854,201.3217843221,50.0034141541,0.000534053,97.1707229614,11.7233200073
2011-11-29 19:40:45.966,-92.1752120309,134164.643676579,147.492389597,202.1020217662,27.5478375247,201.1738886032,50.0034103394,-0.0002924446,97.1636123657,11.7089996338
2011-11-29 19:40:46.000,-92.1341029698,134165.290603118,147.5554924308,202.1122078394,27.5525305722,200.9999138757,50.0034065247,-7.63032585382462E-05,97.1756973267,11.6872253418
2011-11-29 19:40:46.033,-92.0934376012,134162.338936002,147.6072869055,201.9736748636,27.6419462379,201.0503350621,50.0034103394,-2.79396772384644E-08,97.1825714111,11.7096405029
2011-11-29 19:40:46.066,-92.0523529108,134161.405462732,147.6031461364,202.0535960236,27.726924197,201.1920711535,50.0034141541,0.0001907162,97.1721343994,11.7244796753
2011-11-29 19:40:46.100,-92.0104870543,134162.978336163,147.6178670319,202.1533261129,27.764366859,201.2389651465,50.0034217834,0.0002416084,97.17993927,11.6928482056
2011-11-29 19:40:46.133,-91.969028458,134164.123977844,147.6798176334,202.1650768397,27.7712358817,201.1858953,50.0034332275,0.000139866,97.1949310303,11.6689758301
2011-11-29 19:40:46.166,-91.9286625388,134162.893257736,147.7605629771,202.1184497426,27.8316627718,201.1237544537,50.0034217834,-0.000279746,97.1660919189,11.7040100098
2011-11-29 19:40:46.200,-91.8893845517,134162.23530149,147.8252503164,202.0281933078,27.8633833511,200.999927587,50.0034141541,-0.0004704902,97.182472229,11.6990585327
2011-11-29 19:40:46.233,-91.8496210938,134163.260822302,147.8483300395,202.0329492157,27.8745037476,201.0386300284,50.0033760071,-0.0011189841,97.2001724243,11.6981658936
2011-11-29 19:40:46.266,-91.8090057932,134163.052909562,147.8940681011,202.1572588301,27.9281241356,201.196563286,50.0033531189,-0.0003051572,97.1736450195,11.6892166138
2011-11-29 19:40:46.300,-91.7674331131,134161.780221351,147.9075050092,202.0441309008,27.9771843528,201.2445832743,50.0033531189,-1.39698386192322E-08,97.1490325928,11.7424087524
2011-11-29 19:40:46.333,-91.7264376987,134161.369295617,147.9095714644,201.9986952351,28.0162663051,201.1991082695,50.0033721924,0.0004577637,97.1880569458,11.689125061
2011-11-29 19:40:46.366,-91.6864334777,134161.751917573,147.9326261695,202.1508468451,28.0692941781,201.2630618359,50.0033798218,-1.39698386192322E-08,97.1741638184,11.7025527954
2011-11-29 19:40:46.400,-91.6466785379,134163.045171359,147.9567129812,202.1607490623,28.1139736579,201.2976153124,50.0033798218,-2.54251062870026E-05,97.1701507568,11.7000579834
2011-11-29 19:40:46.433,-91.6058654724,134163.630076029,147.9939904786,202.1188053543,28.1667939558,201.1566876418,50.0033874512,0.0001653191,97.1924667358,11.6864471436
2011-11-29 19:40:46.466,-91.5641344275,134162.958221334,148.0074384821,202.1164756451,28.2052293467,201.2373412205,50.0033874512,0,97.1664428711,11.7091751099
2011-11-29 19:40:46.500,-91.5225100898,134162.395465352,148.0697413822,202.0596533732,28.2322596413,201.2726187788,50.0033988953,0.0006612064,97.1793212891,11.6871490479
2011-11-29 19:40:46.533,-91.4819704973,134162.172418846,148.1542205574,202.0392264775,28.2703088085,201.2050378284,50.0034141541,0.0002924306,97.1776199341,11.7169418335
2011-11-29 19:40:46.566,-91.4413508048,134161.99619499,148.1968541189,202.1503752282,28.3148809772,201.1355342452,50.0034179688,0.0003560353,97.1858825684,11.703163147
2011-11-29 19:40:46.600,-91.4000351578,134162.23831051,148.2509498321,202.3925490887,28.3825786193,200.9762755207,50.0034332275,0.0002543069,97.1878433228,11.6951980591
2011-11-29 19:40:46.633,-91.3585946193,134163.262193605,148.2805003459,202.442879838,28.4274736183,201.0018069078,50.0034332275,0,97.1767807007,11.6972885132
2011-11-29 19:40:46.666,-91.3179227883,134161.865704056,148.2807482966,202.3108518841,28.4495573126,201.2236308829,50.0034103394,-0.0008265115,97.1685256958,11.7141494751
2011-11-29 19:40:46.700,-91.2777846517,134150.314669011,148.351269206,202.1871672831,28.4776980521,201.2569593091,50.0034065247,0,97.1823577881,11.6814193726
2011-11-29 19:40:46.733,-91.2369135739,134161.511839359,148.4356454182,202.1683171205,28.5290771401,201.1733206695,50.0034141541,0.0002670335,97.1770477295,11.7100372314
2011-11-29 19:40:46.766,-91.1961173087,134163.687344447,148.4433347147,202.1119168675,28.565293702,201.1720610959,50.0033988953,-0.0006866455,97.1743164063,11.7018966675
2011-11-29 19:40:46.800,-91.1562202452,134163.754081074,148.4617485428,202.1245703709,28.6220763197,201.225292952,50.0033721924,-0.0007375237,97.1788787842,11.697303772
2011-11-29 19:40:46.833,-91.1157669749,134162.672770895,148.5203030076,202.2239768177,28.6709462056,201.1786745511,50.003364563,0.0003560213,97.1840438843,11.7037200928
2011-11-29 19:40:46.866,-91.0739516636,134150.004513931,148.566823849,202.3112925419,28.6717965501,201.2187245731,50.0033912659,0.0008392101,97.1651229858,11.7116012573
2011-11-29 19:40:46.900,-91.0328661155,134150.095263904,148.591694118,202.3222649697,28.7116969794,201.2428540857,50.0033988953,-0.0003941869,97.1840286255,11.6947479248
2011-11-29 19:40:46.933,-90.9924488807,134161.579165159,148.6135223382,202.2460548765,28.7878982289,201.2380955545,50.0033874512,-6.35627657175064E-05,97.1611175537,11.7321853638
2011-11-29 19:40:46.966,-90.9518772031,134150.967232577,148.7070208642,202.1336010655,28.8520259804,201.1857903968,50.0033950806,6.35767355561256E-05,97.1761169434,11.7027130127
2011-11-29 19:40:47.000,-90.9118938872,134150.42887868,148.7821842691,202.1227049225,28.8718043125,201.0788024379,50.0033912659,-0.0003560493,97.1924743652,11.6914215088
2011-11-29 19:40:47.033,-90.8706124166,134161.878620997,148.7883651387,202.1902415043,28.9007876022,201.1344584518,50.0033836365,0,97.1760406494,11.6959762573
2011-11-29 19:40:47.066,-90.8286750732,134162.953834777,148.774334999,202.2854338678,28.9515251366,201.1225116285,50.0033950806,0.0008392241,97.1721343994,11.7048339844
2011-11-29 19:40:47.100,-90.7875977831,134161.862732972,148.8147247877,202.2248821765,28.9987903301,201.029495393,50.0034141541,0.000419626,97.1819610596,11.7102966309
2011-11-29 19:40:47.133,-90.7472688608,134150.144643699,148.8791156158,202.0708977407,29.0278902894,201.0595870663,50.0034065247,-0.0003306242,97.1687469482,11.7080612183
2011-11-29 19:40:47.166,-90.7074102344,134161.194350365,148.9481883826,202.0482744832,29.0344173943,201.2027014211,50.0034065247,-1.27125531435013E-05,97.1712036133,11.6953887939
2011-11-29 19:40:47.200,-90.666993109,134164.215739759,148.9921725309,202.108681221,29.076644503,201.2558239835,50.0033836365,-0.0008392381,97.165397644,11.7139434814
2011-11-29 19:40:47.233,-90.6259154353,134162.630404999,148.9854720084,201.9547298709,29.1430535423,201.2869403515,50.0033836365,1.39698386192322E-08,97.1723175049,11.711769104
2011-11-29 19:40:47.266,-90.5853054517,134159.85954676,149.0294874627,201.9328312916,29.1740750553,201.3125407371,50.0033721924,-0.0003814604,97.1721954346,11.6974258423
2011-11-29 19:40:47.300,-90.544215288,134161.067493115,149.1064372932,202.1503903816,29.2016983,201.2395589478,50.0033874512,0.0008646492,97.1631088257,11.7105102539
2011-11-29 19:40:47.333,-90.5021875595,134163.200196859,149.1397402605,202.1615920235,29.2518719823,201.3367108203,50.0034141541,0.0006739469,97.1640472412,11.7054214478
2011-11-29 19:40:47.366,-90.4611205013,134162.469925186,149.1812360805,202.0526774762,29.3253943682,201.3366256462,50.0034255981,0,97.169960022,11.6965103149
2011-11-29 19:40:47.400,-90.4213517878,134161.518400713,149.2344200143,202.1711529778,29.3686772743,201.1914964099,50.0034103394,-0.0004577637,97.1664199829,11.7141647339
2011-11-29 19:40:47.433,-90.3803869607,134162.659816731,149.2844534896,202.1948993937,29.4004332469,201.1757466392,50.0034217834,0.0008138129,97.1822357178,11.6934432983
2011-11-29 19:40:47.466,-90.3382201477,134164.259416155,149.3291371508,202.0160046334,29.4306594914,201.1883964959,50.0034446716,0.0006612204,97.1835784912,11.6718673706
2011-11-29 19:40:47.500,-90.2969222698,134163.645291044,149.378445881,201.997638408,29.4488172077,201.1449008345,50.0034255981,-0.0010808464,97.1727371216,11.7085800171
2011-11-29 19:40:47.533,-90.2572574126,134162.024225939,149.4102106741,202.13785529,29.4954200522,201.2121187649,50.0033912659,-0.0006103422,97.1691970825,11.6959991455
2011-11-29 19:40:47.566,-90.2174888924,134162.185309302,149.4649815007,202.1992204082,29.5508367511,201.2655458869,50.0033950806,0.0003051991,97.1888504028,11.7050018311
2011-11-29 19:40:47.600,-90.1769089674,134163.405150936,149.5020665653,202.3079831334,29.5886642611,201.140881203,50.0033874512,-0.0007756613,97.1630401611,11.7067108154
2011-11-29 19:40:47.633,-90.1368127309,134162.913731152,149.5289727176,202.1666953834,29.6321240824,201.2252728751,50.0033531189,-0.0006993581,97.1675720215,11.7136993408
2011-11-29 19:40:47.666,-90.095682912,134161.608952546,149.5710566737,202.0761109489,29.698558966,201.3724957692,50.0033531189,1.39698386192322E-08,97.1724243164,11.7125930786
2011-11-29 19:40:47.700,-90.0539424884,134161.684458666,149.5904230732,202.2679280744,29.722162808,201.3488732052,50.0033836365,0.0012715766,97.1824493408,11.6830825806
2011-11-29 19:40:47.733,-90.0134474213,134150.83182012,149.6160008972,202.2250654741,29.7123175763,201.2754713751,50.0033912659,5.08641824126244E-05,97.1825485229,11.6933898926
2011-11-29 19:40:47.766,-89.9724902967,134150.17171394,149.6725533294,202.1132922787,29.7245703103,201.203280237,50.00340271,0.0006357813,97.1754837036,11.7044677734
2011-11-29 19:40:47.800,-89.9307164459,134150.363711498,149.6892557545,202.1453151059,29.7868060804,201.1365668465,50.0034408569,0.0009663776,97.1874542236,11.6954498291
2011-11-29 19:40:47.833,-89.8901894031,134163.074528069,149.7108595761,202.1535992134,29.8647171381,201.1470538707,50.0034294128,-0.0008901022,97.1804733276,11.6836700439
2011-11-29 19:40:47.866,-89.8499201068,134164.679014746,149.8169802537,202.1369455726,29.8874986527,201.1493227225,50.0033912659,-0.0009409525,97.1717681885,11.6999053955
2011-11-29 19:40:47.900,-89.809344371,134164.399031182,149.8821881769,202.1667127167,29.9529086453,201.1009551229,50.0033950806,0.0002924586,97.1735076904,11.6933822632
2011-11-29 19:40:47.933,-89.7689339481,134163.450389839,149.8492029751,202.1287779163,30.0260888745,201.1738813112,50.0033798218,-0.0007756613,97.1774520874,11.6979675293
2011-11-29 19:40:47.966,-89.7282360055,134161.915415992,149.8981436266,202.1280353871,30.0077284464,201.2497823786,50.0033760071,2.79396772384644E-08,97.157623291,11.7113342285
2011-11-29 19:40:48.000,-89.687086006,134161.672667709,149.964008188,202.1090572068,30.0244204272,201.2024826456,50.0033798218,0.0003051711,97.1841583252,11.6813354492
2011-11-29 19:40:48.033,-89.6455792114,134162.160548479,149.984561749,202.0167951928,30.1048307996,201.1951251332,50.0033988953,0.0007120846,97.173248291,11.7054901123
2011-11-29 19:40:48.066,-89.6050276698,134150.031465216,150.0189166378,202.0458792663,30.1589789713,201.1528838211,50.00340271,-0.0001526065,97.1843719482,11.6878051758
2011-11-29 19:40:48.100,-89.5650249204,134159.459846653,150.0374515932,202.2070014601,30.2053755043,200.9817246341,50.0033988953,-0.0002034567,97.1600952148,11.7149658203
2011-11-29 19:40:48.133,-89.5242166896,134161.609983929,150.0634690433,202.2146755221,30.2579954311,200.9970339012,50.00340271,0.0002415804,97.1582183838,11.724609375
2011-11-29 19:40:48.166,-89.4831627702,134150.895773886,150.1262985432,202.0079939838,30.3033929856,201.2816101998,50.0033988953,-0.0001907442,97.1710891724,11.6977310181
2011-11-29 19:40:48.200,-89.4421567221,134161.155636083,150.1874558788,201.9839362224,30.2843324592,201.3407061159,50.0033988953,-6.35767355561256E-05,97.1788024902,11.7059707642
2011-11-29 19:40:48.233,-89.40088084,134163.397181272,150.2185489078,202.0383364118,30.2968349151,201.1081947177,50.0034141541,0.0007501943,97.1708755493,11.707244873
2011-11-29 19:40:48.266,-89.3601728736,134164.709094236,150.2571275901,202.0190474388,30.365207689,201.0876362044,50.0034179688,1.39698386192322E-08,97.1692504883,11.6975631714
2011-11-29 19:40:48.300,-89.3199873617,134164.964774738,150.3250483505,202.1594883322,30.4340480988,201.1992591884,50.0034103394,-0.000534039,97.1772842407,11.6917800903
2011-11-29 19:40:48.333,-89.2789479431,134164.217771739,150.3272292932,202.2649698732,30.4733836922,201.3318685481,50.0034103394,3.81376594305038E-05,97.1791915894,11.6925201416
2011-11-29 19:40:48.366,-89.238159826,134163.094223677,150.3368177976,202.097938442,30.5055313216,201.3638218556,50.00340271,-0.0002288679,97.1799926758,11.7048721313
2011-11-29 19:40:48.400,-89.1975597001,134162.173119226,150.4294610649,202.0645066461,30.5115260808,201.3032305713,50.0033912659,-0.00027976,97.1784439087,11.700302124
2011-11-29 19:40:48.433,-89.1570040932,134164.083753461,150.5042698361,202.2250934932,30.560744664,201.2526920247,50.0033874512,1.27125531435013E-05,97.1848754883,11.701675415
2011-11-29 19:40:48.466,-89.1161267305,134165.104403736,150.5318305745,202.3078963165,30.6418310442,201.1671205229,50.0033950806,0.0003814604,97.1823120117,11.6735992432
2011-11-29 19:40:48.500,-89.0750459799,134163.060021771,150.5616020343,202.2111360185,30.7300986948,201.0566535838,50.0033950806,-0.0001907302,97.1820831299,11.7009811401
2011-11-29 19:40:48.533,-89.0355047302,134161.680170578,150.6069602536,202.0798290944,30.7360628912,201.1064837181,50.0033874512,-0.0002288818,97.1827545166,11.6836853027
2011-11-29 19:40:48.566,-88.9952423321,134162.315960365,150.6489132153,202.1476957123,30.7249243364,201.0632209395,50.0033760071,1.27125531435013E-05,97.1560974121,11.7064743042
2011-11-29 19:40:48.600,-88.9540887002,134164.056266621,150.6882679824,202.2823602563,30.7994948674,201.0934320345,50.0033912659,0.0005976297,97.1776580811,11.7036743164
2011-11-29 19:40:48.633,-88.913107375,134165.092417313,150.7135707244,202.3487540529,30.8902841913,201.2662271022,50.0033950806,-0.0002161553,97.1610794067,11.7220611572
2011-11-29 19:40:48.666,-88.8723984437,134163.949871323,150.7835663898,202.2879261946,30.920872403,201.1744270977,50.0033874512,-8.90158116817474E-05,97.1419143677,11.7371139526
2011-11-29 19:40:48.700,-88.8309533372,134161.441132877,150.8578255434,202.1715906396,30.9468569415,201.0199009693,50.0034141541,0.0004577497,97.1645355225,11.711151123
2011-11-29 19:40:48.733,-88.7899247817,134150.075908046,150.8534846916,202.057153151,30.97757964,201.0110072909,50.0034217834,0,97.1691894531,11.7346115112
2011-11-29 19:40:48.766,-88.7502601344,134150.600803515,150.8576699278,202.1091609168,31.0225766135,200.9718963033,50.0034065247,-0.0004831888,97.1847839355,11.698135376
2011-11-29 19:40:48.800,-88.7095947398,134163.055735981,150.909745888,202.1537252035,31.0730820936,201.0430654548,50.0033988953,2.54251062870026E-05,97.1852493286,11.7053756714
2011-11-29 19:40:48.833,-88.6684077355,134162.12140096,150.9281323804,202.0771806952,31.1126166709,201.2440133979,50.0034103394,0.0005086418,97.1755218506,11.6898956299
2011-11-29 19:40:48.866,-88.6263369211,134161.634192107,150.9487893129,202.0921696297,31.1829599751,201.3884527578,50.0034141541,0,97.1672973633,11.709564209
2011-11-29 19:40:48.900,-88.5847073031,134164.085280935,151.0017313574,202.0581905756,31.2000735409,201.3194452253,50.0034255981,0.0004577637,97.1693267822,11.7104797363
2011-11-29 19:40:48.933,-88.5440136708,134164.269572698,151.0869585675,202.0238291441,31.2075158341,201.1993416519,50.0034294128,-1.39698386192322E-08,97.1789932251,11.6944198608
2011-11-29 19:40:48.966,-88.503131322,134163.860992216,151.1724532361,202.2335018805,31.2569160197,201.1687255596,50.0034332275,-2.54251062870026E-05,97.1872711182,11.6711044312
2011-11-29 19:40:49.000,-88.463130896,134163.74663308,151.2339369227,202.3248194727,31.3020689259,201.1552153694,50.0034179688,-0.0005594781,97.1639862061,11.7000656128
2011-11-29 19:40:49.033,-88.4234359242,134161.630324045,151.2845926991,202.2412209204,31.3758829687,201.1692474045,50.0033798218,-0.0011316827,97.1842193604,11.6977996826
2011-11-29 19:40:49.066,-88.3827945488,134150.907007123,151.2992713739,202.1634769106,31.3981918891,201.1444797428,50.0033721924,0,97.1724700928,11.7002487183
2011-11-29 19:40:49.100,-88.3418772623,134161.473494053,151.3289990294,202.0627535097,31.4051705557,201.2161800776,50.0033760071,0.0001652911,97.1795806885,11.7028656006
2011-11-29 19:40:49.133,-88.3011106327,134163.160931455,151.3680752909,202.0431715615,31.4472932908,201.2160879252,50.0033760071,-0.0002161413,97.1714096069,11.6858901978
2011-11-29 19:40:49.166,-88.2598894008,134163.338579468,151.4257616321,202.2570723219,31.4915619352,201.0740055113,50.0033950806,0.0009028148,97.1818084717,11.7012329102
2011-11-29 19:40:49.200,-88.2181477563,134161.950900331,151.425399617,202.3619324783,31.506527009,201.1020738979,50.0034179688,0.0007120986,97.1785812378,11.684211731
2011-11-29 19:40:49.233,-88.1785327738,134159.647370762,151.4158146669,202.2033403699,31.5415866158,201.226409486,50.0034141541,-0.0002416084,97.1784210205,11.6912612915
2011-11-29 19:40:49.266,-88.1385751503,134158.40320942,151.4736792824,202.2104395418,31.6253034674,201.1853879037,50.0033950806,-0.0003178837,97.1730499268,11.7079162598
2011-11-29 19:40:49.300,-88.0965929915,134150.023779023,151.5500416946,202.36214735,31.7037866091,201.1781739811,50.0034217834,0.0009282399,97.1698913574,11.7037353516
2011-11-29 19:40:49.333,-88.0551554018,134162.579924578,151.5959094299,202.2405957657,31.7089884442,201.299280668,50.0034255981,-0.0004577637,97.1864624023,11.6796264648
2011-11-29 19:40:49.366,-88.0145295906,134163.23306509,151.6398411661,202.1100644738,31.7026226324,201.2281270568,50.0033988953,-0.0006357534,97.1726531982,11.7042770386
2011-11-29 19:40:49.400,-87.9728615286,134162.820538445,151.6577876386,202.099399296,31.7795426467,201.0684104748,50.0034332275,0.0010681059,97.1750183105,11.7159805298
2011-11-29 19:40:49.433,-87.9317577211,134162.009078049,151.6759933692,202.0209392494,31.8231571323,201.1268816481,50.0034484863,0,97.1831283569,11.7130508423
2011-11-29 19:40:49.466,-87.8928142148,134150.642612785,151.7545365704,202.0860990987,31.8513791052,201.2022553478,50.0034179688,-0.0010681199,97.1766052246,11.7143554688
2011-11-29 19:40:49.500,-87.8536271459,134161.392109828,151.8227792156,202.3038631286,31.8921454113,201.1356132637,50.003364563,-0.0012206985,97.187210083,11.700958252
2011-11-29 19:40:49.533,-87.811909692,134164.635391602,151.8188202579,202.2437012107,31.9236362277,201.1297221011,50.0033836365,0.0007120706,97.1741409302,11.703918457
2011-11-29 19:40:49.566,-87.7696451755,134165.247783186,151.8364165061,202.1119560776,32.0135798683,201.1458732655,50.0033912659,3.81516292691231E-05,97.1694488525,11.7132034302
2011-11-29 19:40:49.600,-87.729384137,134164.386673865,151.8768179286,202.1779355844,32.1144925966,201.1545632734,50.003364563,-0.0007120706,97.1769790649,11.6908035278
2011-11-29 19:40:49.633,-87.6892755385,134162.826750304,151.9192331376,202.1707353946,32.1306845117,201.1047955229,50.0033836365,0.000699372,97.186706543,11.6911849976
2011-11-29 19:40:49.666,-87.647732594,134150.782327859,151.9812528133,202.1144032621,32.1295827207,201.0025451695,50.0034332275,0.0017547654,97.184211731,11.694480896
2011-11-29 19:40:49.700,-87.6063239872,134157.856847879,152.0216126183,202.0961542999,32.1821669773,201.0427207787,50.0034332275,-0.0007629348,97.1795043945,11.6932907104
2011-11-29 19:40:49.733,-87.5662553904,134157.260659128,152.0583631802,202.1442909727,32.2001736016,201.1790443644,50.0033836365,-0.0015894463,97.1935806274,11.6668319702
2011-11-29 19:40:49.766,-87.5260813498,134159.336884481,152.0945781267,202.2576068837,32.207747472,201.2194188395,50.0033798218,0.000394173,97.1724472046,11.708114624
2011-11-29 19:40:49.800,-87.4854551345,134161.040846747,152.1706349459,202.2889825789,32.2626645718,201.2045849283,50.0033912659,0.0002288958,97.177772522,11.7045211792
2011-11-29 19:40:49.833,-87.4445984505,134150.959586576,152.22258404,202.1607637068,32.3371892811,201.2209791239,50.0033836365,-8.90158116817474E-05,97.1819534302,11.6820449829
2011-11-29 19:40:49.866,-87.4031774902,134161.851079151,152.263513009,202.1450980895,32.4128650047,201.2465797544,50.0033836365,1.39698386192322E-08,97.1865158081,11.6882247925
2011-11-29 19:40:49.900,-87.361494442,134164.65545305,152.2915070905,202.3247920547,32.4825819046,201.198215871,50.0034141541,0.0010045432,97.1712036133,11.7194366455
2011-11-29 19:40:49.933,-87.3205409024,134164.963975153,152.2883380458,202.3031099086,32.5218854621,201.1603437923,50.0034255981,-2.79396772384644E-08,97.1850662231,11.6877822876
2011-11-29 19:40:49.966,-87.2809777926,134162.433300169,152.3348496589,202.2421553384,32.5252527194,201.059461607,50.0034217834,-0.0001017423,97.1673965454,11.7152099609
2011-11-29 19:40:50.000,-87.2407245009,134162.077916177,152.426346464,202.2554034799,32.555657114,201.0058956044,50.0034065247,-0.0001525786,97.1622924805,11.7127380371
2011-11-29 19:40:50.033,-87.1994985921,134163.370622636,152.4564635486,202.2415069219,32.5910663449,201.0569853028,50.00340271,-0.0002670335,97.1853790283,11.6893920898
2011-11-29 19:40:50.066,-87.1586375252,134163.783111994,152.4746775139,202.2716737,32.6415745737,201.1233596325,50.0033912659,-0.0004450371,97.169593811,11.6935272217
2011-11-29 19:40:50.100,-87.1180562067,134163.02624116,152.516212225,202.3685974999,32.725889493,201.1997954831,50.0033798218,-2.54390761256218E-05,97.1662445068,11.7047348022
2011-11-29 19:40:50.133,-87.0774764817,134161.663682136,152.545890412,202.2732533795,32.7360163599,201.185376424,50.0033912659,0.0001017144,97.1632232666,11.7124252319
2011-11-29 19:40:50.166,-87.0369608498,134150.923809732,152.5986002583,202.1765336993,32.7438408177,201.031006368,50.0033912659,-0.0001525925,97.1735916138,11.7233810425
2011-11-29 19:40:50.200,-86.9959731603,134162.202199092,152.6631576229,202.133071757,32.8064641353,200.9341575109,50.0033874512,1.39698386192322E-08,97.1769561768,11.6844100952
2011-11-29 19:40:50.233,-86.9549339673,134163.618348976,152.6687879256,202.1501838672,32.8570663733,201.049711938,50.0033912659,0.0002161833,97.1793670654,11.6978912354
2011-11-29 19:40:50.266,-86.9138615589,134163.386388026,152.6863143459,202.1193214483,32.88590349,201.1588133557,50.0034065247,0.0004069135,97.1873245239,11.6977310181
2011-11-29 19:40:50.300,-86.8729571939,134161.91869664,152.7392601958,202.1801786004,32.9503307427,201.1784511837,50.0034141541,0.0002543069,97.1795349121,11.6959838867
2011-11-29 19:40:50.333,-86.8316326707,134161.309227331,152.7839447657,202.1274053642,32.97587805,201.2232255828,50.0034179688,0.0001525786,97.1714324951,11.7021408081
2011-11-29 19:40:50.366,-86.7903966627,134162.90186817,152.8398443699,202.0543801933,32.9702447358,201.2462940668,50.0034255981,0.0001144409,97.1602172852,11.7139358521
2011-11-29 19:40:50.400,-86.7503376746,134164.251115467,152.877816981,202.1917299277,33.0406118788,201.2573833682,50.0034217834,-0.0002034567,97.1713409424,11.6962509155
2011-11-29 19:40:50.433,-86.7104593448,134164.780946981,152.9083896341,202.2441125839,33.1118484665,201.2139121421,50.0033988953,-0.0008265255,97.1890106201,11.6756439209
2011-11-29 19:40:50.466,-86.6695805596,134164.213053972,152.9847442967,202.1916747669,33.148023674,201.1146858632,50.0033988953,0.000279732,97.1832427979,11.7098846436
2011-11-29 19:40:50.500,-86.6272872732,134162.891181005,153.0360593419,202.1918478955,33.1895846652,201.0994008585,50.0033988953,1.39698386192322E-08,97.1635437012,11.7150268555
2011-11-29 19:40:50.533,-86.5860307291,134162.107914944,153.0588544501,202.106531663,33.2147486487,201.1468870397,50.0033988953,-0.0004577916,97.1670761108,11.7057800293
2011-11-29 19:40:50.566,-86.5463990335,134163.355960723,153.0806370216,202.129264207,33.2203844857,201.1554294416,50.0033874512,1.39698386192322E-08,97.1791152954,11.7087554932
2011-11-29 19:40:50.600,-86.5060235068,134163.898010799,153.1121406958,202.2314902125,33.2328465934,201.2193535997,50.00340271,0.0004832027,97.181137085,11.6961975098
2011-11-29 19:40:50.633,-86.4656006522,134161.226075851,153.1812336752,202.0821857704,33.2807023674,201.2187004857,50.0033912659,-0.0007883599,97.1940841675,11.6647415161
2011-11-29 19:40:50.666,-86.4251420508,134150.802027758,153.2497098207,202.1351802471,33.3757924145,201.0805764427,50.0033683777,-0.0001144269,97.165687561,11.7001266479
2011-11-29 19:40:50.700,-86.3846059775,134161.082549632,153.2492227333,202.3313409361,33.4240950808,201.0584476626,50.003364563,-2.79396772384644E-08,97.1639938354,11.7059783936
2011-11-29 19:40:50.733,-86.3436789054,134161.567038601,153.2689489786,202.1857083939,33.4240591015,201.0836671673,50.0033760071,0.0002416084,97.1851196289,11.6725692749
2011-11-29 19:40:50.766,-86.3019516592,134162.977024353,153.3564735652,202.0948062112,33.4405579941,201.0420805383,50.0033874512,0.0004704623,97.1928024292,11.6809997559
2011-11-29 19:40:50.800,-86.2605647737,134162.934328594,153.4136761129,202.1750575188,33.5142916482,201.1171490607,50.0034103394,0.0004959013,97.1897888184,11.6769790649
2011-11-29 19:40:50.833,-86.2202634531,134161.869793114,153.4040229986,202.2184050469,33.557197574,201.1649547873,50.0034103394,0,97.1937332153,11.6821899414
2011-11-29 19:40:50.866,-86.1798565585,134161.984231637,153.4355852538,202.1167876386,33.6330237713,200.9955244302,50.0034103394,0,97.1854934692,11.687789917
2011-11-29 19:40:50.900,-86.1388470961,134162.197988759,153.5188406271,202.0540192655,33.7194291396,201.027885463,50.0034141541,-0.0001144409,97.1873397827,11.6866531372
2011-11-29 19:40:50.933,-86.0984803293,134161.391195532,153.543590281,202.143167281,33.7298899562,201.2950120482,50.0033874512,-0.0006993441,97.1750259399,11.702255249
2011-11-29 19:40:50.966,-86.0586736255,134159.824445392,153.5712789774,202.245322625,33.7194314168,201.2724119986,50.003364563,-0.0007374957,97.1949462891,11.669708252
2011-11-29 19:40:51.000,-86.0172949631,134159.674919565,153.6290300753,202.2090097565,33.7334265223,201.1444878366,50.0033798218,0.0006612204,97.1721801758,11.7074737549
2011-11-29 19:40:51.033,-85.9745324042,134162.031930042,153.655931197,202.1335220669,33.8191091637,201.2063938002,50.0034103394,0.0010553934,97.1907577515,11.6756057739
2011-11-29 19:40:51.066,-85.933349852,134164.138178427,153.6858960894,202.1111413791,33.87595365,201.3621655051,50.0034141541,-0.0003814744,97.1712646484,11.7160263062
2011-11-29 19:40:51.100,-85.8939121816,134163.65513348,153.7314985476,202.1427136275,33.9086012229,201.3198986078,50.0033988953,-0.0003814744,97.1997451782,11.6621704102
2011-11-29 19:40:51.133,-85.854092348,134162.799159039,153.808336418,202.1066944088,33.9400267409,201.1402163513,50.0033988953,3.81376594305038E-05,97.1694564819,11.6914901733
2011-11-29 19:40:51.166,-85.8134906391,134161.812901094,153.8749719095,202.1934872355,33.9583675628,201.1542617897,50.0033760071,-0.0008265255,97.1832504272,11.6809616089
2011-11-29 19:40:51.200,-85.7720060813,134150.169335257,153.9093181608,202.3242842993,33.9850512568,201.3190836884,50.0033721924,0,97.1842193604,11.6911315918
2011-11-29 19:40:51.233,-85.7306235585,134159.925582178,153.8935311633,202.2126990313,34.031462828,201.4138615813,50.0033798218,0.0004704623,97.1766815186,11.6906585693
2011-11-29 19:40:51.266,-85.6901039558,134162.890055473,153.9048883487,202.0441052066,34.0835841612,201.4081806292,50.0033988953,0.0002543069,97.1735305786,11.6986618042
2011-11-29 19:40:51.300,-85.6496224834,134163.12586866,153.9838251596,202.0763509172,34.1561335681,201.3416892017,50.00340271,0.0003178976,97.1851577759,11.6855773926
2011-11-29 19:40:51.333,-85.6086663859,134150.787271359,154.0490133634,202.1258472348,34.2250501748,201.3569120441,50.0034141541,7.62892886996269E-05,97.1737976074,11.7015151978
2011-11-29 19:40:51.366,-85.567603197,134161.200627734,154.0797757669,202.132980117,34.2666285666,201.407076422,50.0034103394,-8.90018418431282E-05,97.1879425049,11.692855835
2011-11-29 19:40:51.400,-85.526359754,134162.264512966,154.0898130964,202.1450207456,34.2851234895,201.3850732074,50.0034103394,0,97.1618499756,11.6969909668
2011-11-29 19:40:51.433,-85.4850931991,134163.151534788,154.1274669003,202.0144105749,34.2867443831,201.3195917406,50.0034179688,0.0003178837,97.1821289063,11.6896820068
2011-11-29 19:40:51.466,-85.4451249599,134161.389456975,154.2071606164,202.0847568208,34.3206321003,201.2345834551,50.0034179688,0,97.1714553833,11.7000198364
2011-11-29 19:40:51.500,-85.4052632998,134158.841620693,154.2326818094,202.2289859615,34.3989005328,201.2558265353,50.0033988953,-0.0006993301,97.1783676147,11.6837768555
2011-11-29 19:40:51.533,-85.3644861608,134158.397703508,154.2386676605,202.1804477509,34.4449175958,201.319756176,50.0033912659,-0.0001271395,97.1860580444,11.6815185547
2011-11-29 19:40:51.566,-85.3243022887,134150.134228556,154.2667126796,202.178645864,34.4822886252,201.2245852412,50.003364563,-0.000953679,97.1755523682,11.7083435059
2011-11-29 19:40:51.600,-85.2839567092,134163.065649545,154.3363241075,202.1733525989,34.5470815767,201.2154889329,50.0033531189,-7.62753188610077E-05,97.1586456299,11.7249832153
2011-11-29 19:40:51.633,-85.2427329368,134163.334443041,154.3869594368,202.23676571,34.592682256,201.2794387677,50.0033721924,0.0007883599,97.1720657349,11.6860046387
2011-11-29 19:40:51.666,-85.201975972,134163.25169128,154.4029789695,202.4625633645,34.6291058283,201.2333030604,50.0033912659,0.0004069135,97.181892395,11.6992111206
2011-11-29 19:40:51.700,-85.160964796,134162.064104276,154.4482825184,202.3846123207,34.6520896855,201.133029795,50.0033950806,0.0001907162,97.198135376,11.7048187256
2011-11-29 19:40:51.733,-85.1193371976,134150.096082027,154.5204675052,202.1667349654,34.6625715563,201.104132635,50.0034179688,0.0006485218,97.1749725342,11.6833114624
2011-11-29 19:40:51.766,-85.0778280705,134150.166467597,154.5668532522,202.2111817595,34.7047497481,201.156899891,50.0034370422,0.0003942009,97.1719207764,11.6991729736
2011-11-29 19:40:51.800,-85.0371036647,134159.441940249,154.6023145958,202.2783566851,34.7943993572,201.3007783176,50.0034255981,-0.0003814744,97.1543807983,11.725769043
2011-11-29 19:40:51.833,-84.9966248347,134150.381662568,154.6405442349,202.1556968333,34.8375033638,201.3159198594,50.0034217834,0,97.175819397,11.6925811768
2011-11-29 19:40:51.866,-84.9567310806,134162.977304316,154.7107763218,202.0390419115,34.8467374677,201.2848849193,50.0034065247,-0.0006612064,97.1838607788,11.6841049194
2011-11-29 19:40:51.900,-84.9159421572,134162.279586704,154.7518070634,202.142651024,34.9093174335,201.2041111806,50.0033874512,-0.0001017284,97.1787567139,11.6982955933
2011-11-29 19:40:51.933,-84.8744365059,134150.341345249,154.7429216604,202.3195243285,34.9704926526,201.1148660516,50.0033874512,1.39698386192322E-08,97.1778717041,11.6834106445
2011-11-29 19:40:51.966,-84.8332445706,134159.850201269,154.8132215724,202.2611742697,34.9519766109,200.9776105903,50.00340271,0.0005976297,97.1742706299,11.7121582031
2011-11-29 19:40:52.000,-84.7921411339,134150.256700792,154.8904773507,202.2105804904,34.9363719411,201.0075462281,50.0034179688,0.0004577637,97.1701660156,11.7182769775
2011-11-29 19:40:52.033,-84.7522420868,134150.049600428,154.8797888096,202.2579919051,35.0110122049,201.1667343035,50.0034179688,0,97.1867370605,11.6942062378
2011-11-29 19:40:52.066,-84.7122856084,134158.319420792,154.8815790777,202.2258741267,35.085449126,201.3802599212,50.00340271,-0.0008646492,97.168762207,11.7142868042
2011-11-29 19:40:52.100,-84.6711411326,134156.615535062,154.9558287596,202.2109954851,35.1504235647,201.2837326463,50.0033950806,-1.39698386192322E-08,97.1756286621,11.6918945313
2011-11-29 19:40:52.133,-84.6299980077,134157.805208081,154.9849140065,202.2520944719,35.2064346644,201.0731268726,50.0033950806,-0.0002288818,97.1632385254,11.7071990967
2011-11-29 19:40:52.166,-84.5892229666,134159.186620605,155.0028626803,202.1856903861,35.2238577672,201.0387527308,50.0033874512,-0.000139866,97.1684494019,11.7096405029
2011-11-29 19:40:52.200,-84.5484631257,134150.946693143,155.0638686225,202.0195182566,35.2542697143,201.0343438434,50.00340271,0.000419612,97.16847229,11.7146530151
2011-11-29 19:40:52.233,-84.5078182816,134163.314108368,155.0925777469,202.0183842324,35.2956298455,201.1622834577,50.00340271,3.81516292691231E-05,97.1666870117,11.7127227783
2011-11-29 19:40:52.266,-84.466768697,134163.313774327,155.1115366093,202.1390181837,35.332097037,201.3737739639,50.00340271,0,97.1868896484,11.6775665283
2011-11-29 19:40:52.300,-84.4260307279,134150.422439834,155.1834378378,202.2838310044,35.3758467037,201.4299318589,50.0033988953,-0.0002670335,97.1807250977,11.6721343994
2011-11-29 19:40:52.333,-84.3855314626,134150.51094563,155.2227841562,202.2551743492,35.4001080107,201.2725961523,50.0033950806,3.81516292691231E-05,97.1607055664,11.7163848877
2011-11-29 19:40:52.366,-84.3438999014,134161.965353856,155.2437904414,202.2477838305,35.4252082863,201.1994260099,50.0034065247,0.0003687618,97.1909561157,11.6896286011
2011-11-29 19:40:52.400,-84.3030356161,134162.19668162,155.3034979116,202.3307421014,35.4765854325,201.2848272518,50.0034141541,-0.000254293,97.1752243042,11.7080459595
2011-11-29 19:40:52.433,-84.263220637,134161.558471997,155.3541932495,202.2836476751,35.505090431,201.3966197434,50.0033912659,-0.0007629627,97.1862487793,11.6768035889
2011-11-29 19:40:52.466,-84.2222576777,134150.29893197,155.4072720528,202.2377153029,35.5431016267,201.2822800805,50.0033988953,0.0006739469,97.1557235718,11.7326278687
2011-11-29 19:40:52.500,-84.1812170708,134161.0110279,155.4337189023,202.3031521062,35.6374958292,201.2066535401,50.0034141541,0.000139866,97.1703491211,11.7055282593
2011-11-29 19:40:52.533,-84.1403219725,134163.484877666,155.4726808736,202.2508987689,35.6910161909,201.3114216799,50.00340271,-0.0003687479,97.1574249268,11.7269210815
2011-11-29 19:40:52.566,-84.099609414,134165.967560107,155.5614733062,202.2444680711,35.6880896999,201.2997901964,50.0033988953,0.0004323246,97.1891708374,11.6960601807
2011-11-29 19:40:52.600,-84.0581721358,134163.479449155,155.6304802016,202.3349653536,35.7192995248,201.2244018278,50.0034141541,0.0004704902,97.1691741943,11.7055740356
2011-11-29 19:40:52.633,-84.0174449941,134150.949716359,155.605338899,202.3202383783,35.7550757749,201.2222105588,50.0034141541,-0.0003687758,97.1834716797,11.7160720825
2011-11-29 19:40:52.666,-83.9775927493,134161.492160547,155.637528228,202.2876128747,35.7697558293,201.2304410615,50.0033988953,-0.0005340809,97.1821365356,11.6904449463
2011-11-29 19:40:52.700,-83.9372035827,134161.683173322,155.7280299251,202.2141149965,35.7912921295,201.236390858,50.0033836365,-0.0001271674,97.1850662231,11.6779785156
2011-11-29 19:40:52.733,-83.8964508552,134150.83764576,155.7433796363,202.184910106,35.8703621331,201.2767863215,50.0033836365,-0.0001144409,97.1742782593,11.7083740234
2011-11-29 19:40:52.766,-83.8557598661,134161.851561598,155.7524472055,202.2344906656,35.9637117495,201.2896831912,50.0033760071,-3.81516292691231E-05,97.1660842896,11.728805542
2011-11-29 19:40:52.800,-83.8144855927,134150.676699108,155.8094319611,202.4134521827,36.0320077333,201.1805114377,50.0033836365,0.0004450511,97.1942596436,11.688583374
2011-11-29 19:40:52.833,-83.7736848539,134159.151669397,155.8797805473,202.4851909013,36.0469165501,201.1165243886,50.0033950806,-1.39698386192322E-08,97.1705932617,11.7142562866
2011-11-29 19:40:52.866,-83.7332043094,134161.588995448,155.9075567894,202.28814782,36.029519687,201.2647045277,50.0033950806,-1.27265229821205E-05,97.1788635254,11.7026672363
2011-11-29 19:40:52.900,-83.6916400728,134163.823969752,155.9176882719,202.1080971188,36.0620915138,201.3454415212,50.0034103394,0.000559506,97.1734390259,11.6866607666
2011-11-29 19:40:52.933,-83.6500239518,134162.889091871,155.9683837048,202.1751687601,36.1461491495,201.3838230647,50.0034332275,0.0006866455,97.1764907837,11.6968002319
2011-11-29 19:40:52.966,-83.6090422718,134162.455905304,156.0723384413,202.3083820453,36.2047384008,201.2132736635,50.0034255981,-0.0006103562,97.1747970581,11.7015075684
2011-11-29 19:40:53.000,-83.569286762,134163.984725853,156.1327609979,202.3927758658,36.2563579128,201.1006593775,50.0034141541,-0.0002034428,97.1683807373,11.7199020386
2011-11-29 19:40:53.033,-83.5290333337,134164.845737205,156.1092422342,202.3446792897,36.2905528698,201.2370680435,50.0034103394,-3.81516292691231E-05,97.1885070801,11.6826171875
2011-11-29 19:40:53.066,-83.4881115968,134161.894307088,156.0940082965,202.2266324468,36.3031309061,201.2954577954,50.0033950806,-0.0005722046,97.1730499268,11.7059707642
2011-11-29 19:40:53.100,-83.4478281835,134161.371322196,156.1595004523,202.2695718728,36.3528964364,201.2345457848,50.0033683777,-0.0007120706,97.1898193359,11.6676559448
2011-11-29 19:40:53.133,-83.4069058123,134163.336746439,156.2098118892,202.3531651249,36.4394768388,201.0664400721,50.0033683777,0.0002543209,97.1683349609,11.7065048218
2011-11-29 19:40:53.166,-83.3648616739,134161.696693215,156.2510703137,202.4063771194,36.462772059,201.0109843019,50.0033988953,0.0011062576,97.1617889404,11.7044677734
2011-11-29 19:40:53.200,-83.3241672758,134158.295608923,156.3278202017,202.4335482334,36.4754128281,201.0621721766,50.0034065247,-0.0001271814,97.1968231201,11.674041748
2011-11-29 19:40:53.233,-83.2843196685,134159.982966477,156.3528042618,202.3170535735,36.5506681714,201.2127758045,50.0033874512,-0.0007120706,97.1873168945,11.6920700073
2011-11-29 19:40:53.266,-83.2430103069,134162.581550303,156.3577822179,202.095900495,36.6114663935,201.3216828903,50.0034141541,0.0014241412,97.1841659546,11.7033996582
2011-11-29 19:40:53.300,-83.2022362202,134163.291311303,156.3819228257,202.0650113155,36.6401450633,201.2293552695,50.0034103394,-0.0010172557,97.1589355469,11.7181549072
2011-11-29 19:40:53.333,-83.1625269651,134161.944661366,156.4379121411,202.2603983089,36.6595805746,201.1837864265,50.003364563,-0.001233411,97.1736068726,11.6982040405
2011-11-29 19:40:53.366,-83.1211522793,134150.534575692,156.5050744746,202.3090510716,36.6946956849,201.3053799293,50.0033760071,0.0009663776,97.1912155151,11.6856079102
2011-11-29 19:40:53.400,-83.0794909419,134150.172838001,156.5482602483,202.2519576901,36.7732032342,201.298632608,50.0034255981,0.0012842752,97.1701507568,11.689666748
2011-11-29 19:40:53.433,-83.038879227,134161.313388412,156.5701377853,202.1118114523,36.8385419222,201.2364604935,50.0034065247,-0.0011571217,97.1790161133,11.7080230713
2011-11-29 19:40:53.466,-82.9985306196,134162.493109759,156.632203199,201.9288161591,36.8130343489,201.3028411421,50.0033950806,0.0001780316,97.1621398926,11.7111129761
2011-11-29 19:40:53.500,-82.9579419323,134150.329646585,156.6832293355,202.117227747,36.8128800166,201.3375615468,50.0033988953,0.0001653191,97.188331604,11.7030563354
2011-11-29 19:40:53.533,-82.917441505,134159.041952883,156.7110151368,202.1968148511,36.8975015844,201.273788923,50.0033798218,-0.0007375097,97.1750030518,11.6737518311
2011-11-29 19:40:53.566,-82.8763302844,134150.346038244,156.7345874207,202.2062587928,36.9589305739,201.2342959957,50.0033798218,0,97.1744842529,11.7063293457
2011-11-29 19:40:53.600,-82.8347197549,134163.756168361,156.7910979,202.4160182947,36.9867968153,201.2887520845,50.0033950806,0.0007502222,97.1753082275,11.7053833008
2011-11-29 19:40:53.633,-82.7939517778,134165.098291106,156.8481002678,202.4272211172,36.992833214,201.4465955997,50.00340271,0,97.1564025879,11.715461731
2011-11-29 19:40:53.666,-82.7541253999,134163.456094059,156.9173320344,202.3230634232,37.0190344489,201.3362075624,50.0033988953,-0.0001271674,97.1736984253,11.7018051147
2011-11-29 19:40:53.700,-82.7138721762,134162.179497541,156.9393847485,202.3183211751,37.0468375981,201.1354943196,50.0033950806,3.81376594305038E-05,97.1790466309,11.7035827637
2011-11-29 19:40:53.733,-82.6720332792,134163.210736983,156.9069727004,202.3320559152,37.096022638,201.2709400399,50.0034065247,0.0002034567,97.1675796509,11.7129974365
2011-11-29 19:40:53.766,-82.6300696607,134162.728709772,156.9652370983,202.2771645241,37.1206062361,201.3981316616,50.0034103394,0.0001780177,97.1894454956,11.6771774292
2011-11-29 19:40:53.800,-82.5890773708,134150.336748324,157.0534396204,202.2374512662,37.1304019263,201.2157562245,50.0034141541,0.0001780177,97.1727752686,11.7070007324
2011-11-29 19:40:53.833,-82.548633895,134150.665639181,157.0850293606,202.1098902387,37.2347431757,201.1380286958,50.0034217834,0,97.1814804077,11.6959152222
2011-11-29 19:40:53.866,-82.5088489601,134162.387339593,157.1006994086,202.1107674934,37.3186586233,201.1938237554,50.0034179688,-0.0002543349,97.1734313965,11.7001342773
2011-11-29 19:40:53.900,-82.4693469115,134161.580488897,157.1189993368,202.2221379259,37.3725950696,201.2155128092,50.0033683777,-0.0017420389,97.1925811768,11.6810379028
2011-11-29 19:40:53.933,-82.4284200042,134161.107322797,157.1580368215,202.2050502886,37.4203410687,201.2903635409,50.0033569336,0,97.178565979,11.6973114014
2011-11-29 19:40:53.966,-82.3868317688,134161.461237264,157.2283471597,202.1284881542,37.4158271615,201.2516617821,50.003364563,0.0005086279,97.1694793701,11.6979217529
2011-11-29 19:40:54.000,-82.3462620775,134161.313140775,157.2950755836,202.1443989469,37.4104214809,201.1107925108,50.0033683777,0.0001907302,97.1901473999,11.6960525513
2011-11-29 19:40:54.033,-82.3050992131,134159.370239572,157.3248568055,202.1989014544,37.4678657421,201.2688437712,50.0034065247,0.0013605924,97.1809768677,11.6999969482
2011-11-29 19:40:54.066,-82.2642024219,134158.925357278,157.3320834602,202.1860821979,37.5176591763,201.4465668368,50.0034179688,0.0001144409,97.1746826172,11.6932830811
2011-11-29 19:40:54.100,-82.2234951769,134162.178323067,157.366673732,202.1581482562,37.5449244671,201.2414015301,50.0034103394,-0.0004323386,97.1832427979,11.6829223633
2011-11-29 19:40:54.133,-82.1828472575,134164.739313171,157.4131864697,202.239079012,37.5761255692,201.1789283329,50.0033950806,-0.0004704902,97.1976089478,11.6847457886
2011-11-29 19:40:54.166,-82.1422575982,134162.743761102,157.4569107121,202.2351264205,37.5966598296,201.3872670509,50.0033950806,5.08641824126244E-05,97.1632919312,11.718208313
2011-11-29 19:40:54.200,-82.1011960595,134150.006195606,157.5229158648,202.0547285941,37.6423420305,201.3625694928,50.0033912659,0,97.1692352295,11.7203598022
2011-11-29 19:40:54.233,-82.0588568759,134159.316123257,157.6086313938,202.0392987832,37.7420239418,201.2577063668,50.00340271,0.0006357953,97.1873626709,11.6802597046
2011-11-29 19:40:54.266,-82.0186967515,134150.113703112,157.6467638536,202.1839554132,37.8256047379,201.3394467016,50.00340271,-0.0002416084,97.1740188599,11.7194442749
2011-11-29 19:40:54.300,-81.9786403373,134150.690666772,157.6684686429,202.3099993233,37.8775364456,201.3223511606,50.0033988953,3.81376594305038E-05,97.1675720215,11.7171707153
2011-11-29 19:40:54.333,-81.9376682371,134161.021565217,157.6999554492,202.3134187492,37.8814043695,201.3707961105,50.0034103394,0.0002670195,97.1703643799,11.7057418823
2011-11-29 19:40:54.366,-81.8974474173,134163.159286333,157.7375041894,202.2799233392,37.8849903381,201.4710240398,50.0033874512,-0.0011825468,97.183052063,11.6850662231
2011-11-29 19:40:54.400,-81.8575507476,134164.055358587,157.7468678795,202.2971913241,37.9462033846,201.3678783807,50.0033569336,-0.0008265115,97.1847381592,11.6894073486
2011-11-29 19:40:54.433,-81.8167278793,134162.755459874,157.7535191073,202.1889322858,37.9842715925,201.2376476609,50.003364563,0.0008900743,97.1650848389,11.6983566284
2011-11-29 19:40:54.466,-81.7749215986,134161.824670372,157.8300816848,202.1409916081,37.9892301492,201.2628454442,50.0033912659,0.0005468074,97.1678237915,11.7022857666
2011-11-29 19:40:54.500,-81.7333609567,134162.365722478,157.8913029552,202.3461969027,38.0734460404,201.3614919338,50.0034065247,0.0003942009,97.1863021851,11.6709899902
2011-11-29 19:40:54.533,-81.6927102766,134161.734699679,157.917717066,202.3410824626,38.1476234971,201.3518934181,50.0034179688,0.0002670474,97.1882171631,11.6925125122
2011-11-29 19:40:54.566,-81.6528412456,134159.954989745,157.980602199,202.1542999685,38.1767677247,201.2249756403,50.0034179688,-1.39698386192322E-08,97.1876220703,11.6822357178
2011-11-29 19:40:54.600,-81.6122104063,134150.445543076,158.0484339843,202.231854574,38.2156021585,201.1490023333,50.0034103394,-0.0002288818,97.1697845459,11.7223205566
2011-11-29 19:40:54.633,-81.57095844,134162.056353593,158.1104339901,202.2445326896,38.2592869336,201.2918265239,50.00340271,-0.0001525786,97.1766662598,11.7117614746
2011-11-29 19:40:54.666,-81.5297965248,134162.378685862,158.1413742349,202.2203378309,38.2956802326,201.3571273852,50.00340271,-3.81516292691231E-05,97.1497955322,11.7257080078
2011-11-29 19:40:54.700,-81.4887462635,134163.378970331,158.1670372011,202.2175956882,38.2880274885,201.2671151021,50.0034103394,0.0005976297,97.1674499512,11.712600708
2011-11-29 19:40:54.733,-81.447998537,134163.409571699,158.1992841305,202.226388514,38.3408770322,201.2154061086,50.0034217834,0,97.1690597534,11.6962051392
2011-11-29 19:40:54.766,-81.407154068,134161.851419853,158.2491794386,202.3088339625,38.3906501379,201.2691213665,50.0034217834,5.08641824126244E-05,97.1956329346,11.6863708496
2011-11-29 19:40:54.800,-81.3658624819,134161.104839722,158.2813096249,202.4313414971,38.4065011232,201.2589683203,50.0034217834,0,97.1523590088,11.7287521362
2011-11-29 19:40:54.833,-81.3254158541,134150.932009041,158.2836928328,202.3604995995,38.4609869745,201.2873362743,50.0034103394,-0.0003814744,97.1819458008,11.6994171143
2011-11-29 19:40:54.866,-81.2861971731,134163.072551225,158.3161911283,202.1946940078,38.5222036053,201.2621239321,50.0033912659,-0.0009027869,97.1773681641,11.7049713135
2011-11-29 19:40:54.900,-81.2456191495,134164.438571013,158.3574715574,202.2723206195,38.5754486498,201.2646141291,50.0033836365,0.0005213404,97.1781234741,11.6916275024
2011-11-29 19:40:54.933,-81.2032625739,134163.876181138,158.3623980635,202.2811959406,38.619431415,201.3759261543,50.0033988953,0.0003178837,97.1823730469,11.6885375977
2011-11-29 19:40:54.966,-81.1620808911,134163.860530383,158.4396675227,202.2066099132,38.6289249369,201.3485411536,50.0033950806,-0.0005086139,97.1779937744,11.673828125
2011-11-29 19:40:55.000,-81.1212964487,134163.00978713,158.5253087392,202.2581590376,38.6766382752,201.2601867089,50.00340271,0.0007502222,97.1646118164,11.6993637085
2011-11-29 19:40:55.033,-81.0805287136,134161.161012044,158.5343106168,202.311491349,38.7579174975,201.2864123191,50.0034179688,0,97.1788635254,11.6802902222
2011-11-29 19:40:55.066,-81.0400915883,134150.080234009,158.5392902834,202.3291715661,38.7871954144,201.2723237022,50.0034103394,-0.0005086279,97.1821899414,11.6853103638
2011-11-29 19:40:55.100,-80.9994045605,134150.250297328,158.5910936641,202.322317449,38.7975461796,201.2631592918,50.0033950806,-0.0001017284,97.1776657104,11.7028579712
2011-11-29 19:40:55.133,-80.9586854828,134162.525163792,158.6298997104,202.2574930277,38.8266377373,201.3287259916,50.0033912659,0,97.1797866821,11.6790542603
2011-11-29 19:40:55.166,-80.9177416625,134162.309934262,158.6858906249,202.2937209678,38.846658064,201.2527122064,50.0033950806,-2.79396772384644E-08,97.1782150269,11.7041931152
2011-11-29 19:40:55.200,-80.8770515563,134163.302135782,158.7557484913,202.206327564,38.9068712508,201.1840377956,50.0033912659,-8.90018418431282E-05,97.1631011963,11.7194137573
2011-11-29 19:40:55.233,-80.8365951834,134163.625042779,158.7975330983,202.1019817241,38.971282702,201.2837535042,50.0033912659,1.39698386192322E-08,97.1819534302,11.6883392334
2011-11-29 19:40:55.266,-80.7957954706,134163.116321351,158.8041531936,202.2170606199,39.0404032543,201.4189963573,50.0033950806,0.0001271674,97.168800354,11.6946563721
2011-11-29 19:40:55.300,-80.7549177021,134162.262013126,158.8264284691,202.3413919144,39.0980443402,201.4796856198,50.0033988953,-1.27404928207397E-05,97.1690063477,11.723815918
2011-11-29 19:40:55.333,-80.7146157989,134161.983631391,158.8682428855,202.3778360873,39.1296188365,201.4396857318,50.0033836365,-0.0004450371,97.1770782471,11.6963653564
2011-11-29 19:40:55.366,-80.6742371693,134162.101927581,158.9256468673,202.4126289259,39.1496242502,201.3215220192,50.0033798218,-1.2698583304882E-05,97.1759872437,11.6884155273
2011-11-29 19:40:55.400,-80.6335258725,134162.795445108,158.9676764963,202.3527354223,39.1828975296,201.2865631861,50.0033874512,0.0002288818,97.1748352051,11.6953811646
2011-11-29 19:40:55.433,-80.5928038483,134162.705778717,159.0313991966,202.2490904748,39.2249593781,201.3525519747,50.0033874512,-1.27265229821205E-05,97.1633300781,11.712097168
2011-11-29 19:40:55.466,-80.5516779094,134161.795830416,159.0897195464,202.2470217468,39.2718548464,201.3487542647,50.0033874512,1.39698386192322E-08,97.1800994873,11.7040786743
2011-11-29 19:40:55.500,-80.510651421,134161.739642602,159.1409363817,202.3146770704,39.3044986578,201.3200940718,50.0033988953,0.000279746,97.180809021,11.7107620239
2011-11-29 19:40:55.533,-80.4702132126,134150.697110818,159.1920512298,202.4064987029,39.3318654561,201.2575393868,50.0033988953,-1.39698386192322E-08,97.1742706299,11.6993179321
2011-11-29 19:40:55.566,-80.4289276871,134150.309224279,159.2060103329,202.3931363765,39.385872122,201.16461847,50.0034103394,0.0003814744,97.1810760498,11.6929702759
2011-11-29 19:40:55.600,-80.3875135992,134161.468169006,159.2319512882,202.2591612975,39.4177172596,201.2450491375,50.0034294128,0.000534053,97.1750640869,11.700592041
2011-11-29 19:40:55.633,-80.3466920511,134161.13013857,159.2528594232,202.2214313577,39.4519545061,201.2682490816,50.0034179688,-0.0005467515,97.1649246216,11.7109603882
2011-11-29 19:40:55.666,-80.3064880777,134159.503521908,159.2954150804,202.3213357035,39.4973851324,201.2262495439,50.00340271,-0.0004068855,97.1718215942,11.706199646
2011-11-29 19:40:55.700,-80.2654455364,134150.372042426,159.3595280685,202.4507707886,39.5283373611,201.3044863597,50.0034179688,0.0007629348,97.1666107178,11.7156524658
2011-11-29 19:40:55.733,-80.2238700041,134162.904062473,159.3913143696,202.4341632393,39.5766412116,201.4642158653,50.0034255981,1.2698583304882E-05,97.1837768555,11.6929702759
2011-11-29 19:40:55.766,-80.1836952305,134164.131085596,159.3944141435,202.300789094,39.6329086471,201.4600312375,50.0033950806,-0.0009155273,97.1818008423,11.6922149658
2011-11-29 19:40:55.800,-80.1442245246,134162.568773628,159.4196211967,202.1007914659,39.6790329961,201.2519752043,50.0033721924,-0.0006993581,97.1717681885,11.7136001587
2011-11-29 19:40:55.833,-80.1031517794,134161.581450568,159.5131944218,202.0676234589,39.7174774365,201.1879753261,50.0033950806,0.001093545,97.1643829346,11.7070465088
2011-11-29 19:40:55.866,-80.0608182019,134162.052607956,159.6224588776,202.2595967886,39.7497201955,201.3069319233,50.0034103394,0.000279746,97.1757278442,11.7215576172
2011-11-29 19:40:55.900,-80.0202468164,134163.806534146,159.633578209,202.4329147667,39.7757838481,201.3230243942,50.0033836365,-0.0011571357,97.1798858643,11.6974945068
2011-11-29 19:40:55.933,-79.9800401383,134164.43005952,159.6143400202,202.2463812737,39.8241901812,201.342062135,50.0033836365,0.000534053,97.1827850342,11.6861038208
2011-11-29 19:40:55.966,-79.938789855,134161.951109055,159.6721883006,202.1127180575,39.865356557,201.2866431392,50.0034179688,0.0012461515,97.1898117065,11.6823654175
2011-11-29 19:40:56.000,-79.8973007891,134150.799283293,159.7530732383,202.1691127543,39.904847336,201.2188609553,50.0034294128,-0.0003941869,97.16746521,11.7005310059
2011-11-29 19:40:56.033,-79.8572432718,134161.927341646,159.7996529067,202.2943793786,39.9769959269,201.2271590401,50.0033912659,-0.0012461375,97.1804275513,11.7091674805
2011-11-29 19:40:56.066,-79.8177813931,134162.823128654,159.7770535822,202.250338089,40.0504648765,201.2949483791,50.0033721924,-0.0003305962,97.1789627075,11.7072753906
2011-11-29 19:40:56.100,-79.7768968002,134162.129008036,159.8002168548,202.1157592819,40.070941448,201.2772086373,50.0033874512,0.0009028008,97.1796798706,11.7004852295
2011-11-29 19:40:56.133,-79.7351189398,134161.214880936,159.9163913294,202.2299209132,40.0283854408,201.2610241799,50.0033988953,1.2698583304882E-05,97.1733551025,11.7051315308
2011-11-29 19:40:56.166,-79.694290868,134161.190294261,150.0326934815,202.5066188773,40.0630566773,201.2118049789,50.0033836365,-0.0005467795,97.1725311279,11.7065963745
2011-11-29 19:40:56.200,-79.6543746671,134162.337052432,150.0283999544,202.4480854508,40.1728268317,201.1984038418,50.0033798218,7.63172283768654E-05,97.1777267456,11.6865310669
2011-11-29 19:40:56.233,-79.6140057048,134162.901614789,150.007224203,202.1624657658,40.2187931532,201.3278013497,50.0033912659,0.0006484939,97.1751861572,11.7128295898
2011-11-29 19:40:56.266,-79.5720122336,134161.516206844,150.0447612578,202.2190389841,40.2374339274,201.322430995,50.0034141541,0.00027976,97.1770553589,11.6929550171
2011-11-29 19:40:56.300,-79.5300767343,134161.861711329,150.0448561358,202.1820025507,40.247586773,201.2536674441,50.0034179688,0.0001271674,97.1764984131,11.7020874023
2011-11-29 19:40:56.333,-79.4896793673,134161.388460444,150.0758872168,202.0836746341,40.2657554404,201.2423633912,50.0034065247,-0.0004577637,97.1835784912,11.6989898682
2011-11-29 19:40:56.366,-79.4498313497,134161.139552327,150.1692173447,202.2332615958,40.3371917325,201.3414500035,50.00340271,0,97.1723556519,11.7086639404
2011-11-29 19:40:56.400,-79.4090578403,134161.821645681,150.225213887,202.2881287201,40.4387499011,201.4472032944,50.0034141541,0.0002924446,97.1768035889,11.6967697144
2011-11-29 19:40:56.433,-79.3677603119,134150.655991751,150.2450258394,202.2890339289,40.4929099696,201.4770620268,50.00340271,-0.0004831888,97.1691665649,11.7193222046
2011-11-29 19:40:56.466,-79.3275320253,134150.72558669,150.2670370531,202.3200855221,40.504839726,201.3893736353,50.0033721924,-0.000953651,97.1660003662,11.7053833008
2011-11-29 19:40:56.500,-79.286820626,134161.616032785,150.3101874005,202.3131165142,40.5355523079,201.3500938194,50.0033798218,0.0008010864,97.160446167,11.7052154541
2011-11-29 19:40:56.533,-79.2455180964,134150.753892713,150.355709983,202.3406371688,40.5478750124,201.2759290834,50.0034103394,0.0007120706,97.1774978638,11.6985549927
2011-11-29 19:40:56.566,-79.2048818217,134150.140968805,150.3887549153,202.293677752,40.5545220996,201.2349577994,50.0034065247,-0.0005594781,97.1651077271,11.7213363647
2011-11-29 19:40:56.600,-79.1645100665,134162.181289026,150.4409736439,202.3098672877,40.6025977127,201.3610335968,50.0033836365,-0.0006103422,97.16847229,11.7254104614
2011-11-29 19:40:56.633,-79.1234481348,134164.121974762,150.5074102994,202.3245093368,40.6883369275,201.4809491873,50.0033988953,0.0006484939,97.1816864014,11.6921691895
2011-11-29 19:40:56.666,-79.0824942983,134163.871380304,150.4937351554,202.2515890491,40.7832404282,201.4677407264,50.0034065247,-0.0001144409,97.1914672852,11.6739730835
2011-11-29 19:40:56.700,-79.0419197167,134163.612812307,150.5056668808,202.2422588315,40.8388258061,201.3166092151,50.0033912659,-0.000394173,97.1784439087,11.6952056885
2011-11-29 19:40:56.733,-79.0013488392,134162.894505308,150.582754656,202.310846957,40.832767406,201.2009872085,50.0033912659,6.35627657175064E-05,97.1742401123,11.6897354126
2011-11-29 19:40:56.766,-78.9605066122,134161.857811617,150.6457451782,202.4052584741,40.8271779084,201.2851564339,50.0033988953,0.000394173,97.1819763184,11.7035369873
2011-11-29 19:40:56.800,-78.9194489297,134161.592839544,150.6905816775,202.332835941,40.8655197388,201.3531433668,50.0033988953,-2.54251062870026E-05,97.1820678711,11.6881256104
2011-11-29 19:40:56.833,-78.8789446296,134161.428605588,150.7405681377,202.2539331454,40.8942240281,201.2508358006,50.0033912659,-0.0002415944,97.1628875732,11.7201004028
2011-11-29 19:40:56.866,-78.8388096559,134163.071900669,150.7817511587,202.1516393216,40.9323624826,201.2180086211,50.0033874512,-0.0002034567,97.1893463135,11.6922912598
2011-11-29 19:40:56.900,-78.7974833666,134162.928743433,150.8184739734,202.1574640061,41.0071879485,201.2740699952,50.0033950806,0.0004450511,97.1881027222,11.6942825317
2011-11-29 19:40:56.933,-78.7557778081,134158.889902948,150.8278982403,202.2214558954,41.088978584,201.242941938,50.0034065247,0.0002034567,97.1823501587,11.7013244629
2011-11-29 19:40:56.966,-78.7158216699,134158.262118301,150.8893773794,202.2087649923,41.1197085126,201.2592755693,50.0033836365,-0.0007375097,97.1759262085,11.6909790039
2011-11-29 19:40:57.000,-78.6755716004,134159.797273608,150.9654147821,202.2286392411,41.1125030141,201.338144386,50.0033798218,0.0003051711,97.1834716797,11.7063751221
2011-11-29 19:40:57.033,-78.6336486437,134150.513019755,150.9830342356,202.3433660318,41.1552938581,201.3479022402,50.0034255981,0.0014495663,97.173324585,11.6795730591
2011-11-29 19:40:57.066,-78.5918245536,134150.744022195,150.946155745,202.3460266339,41.2205313182,201.2786479982,50.0034370422,-0.0003560213,97.1799621582,11.6828384399
2011-11-29 19:40:57.100,-78.5515270369,134162.793679874,150.9865519463,202.3134717129,41.2655038002,201.2498384975,50.0033988953,-0.0011189841,97.1541442871,11.7256317139
2011-11-29 19:40:57.133,-78.5117539655,134163.975092715,161.0798497893,202.3048064811,41.305253456,201.2637389575,50.0033912659,5.08781522512436E-05,97.1947250366,11.681098938
2011-11-29 19:40:57.166,-78.4711403962,134162.258175035,161.160548527,202.2324404665,41.3377566783,201.1747382313,50.00340271,0.0001907442,97.1862716675,11.6930465698
2011-11-29 19:40:57.200,-78.4300774573,134163.582780701,161.2216732639,202.1991489491,41.3611384972,201.2299036823,50.0033874512,-0.0004323386,97.1866455078,11.6766357422
2011-11-29 19:40:57.233,-78.3892976005,134165.446651176,161.2470136095,202.2407337553,41.4129497305,201.3196787821,50.0033798218,-5.08502125740051E-05,97.1645278931,11.7115249634
2011-11-29 19:40:57.266,-78.34814907,134163.536717798,161.2656626186,202.1875587236,41.48092027,201.2457518384,50.0033988953,0.0009791041,97.1720962524,11.7115097046
2011-11-29 19:40:57.300,-78.3072793444,134159.99661699,161.290492218,202.0821645872,41.5344708896,201.1690496918,50.0034103394,3.81376594305038E-05,97.1728057861,11.695892334
2011-11-29 19:40:57.333,-78.2668023492,134161.072410531,161.3295232642,202.0302854693,41.5613345506,201.3352456407,50.0034065247,-0.0002034567,97.1813430786,11.6905136108
2011-11-29 19:40:57.366,-78.2265168788,134163.478679342,161.3748887916,202.0819079892,41.5722096828,201.43764834,50.0033912659,-0.0004832167,97.1625823975,11.7047348022
2011-11-29 19:40:57.400,-78.1862346226,134162.278896052,161.4085755854,202.1995481643,41.5940574344,201.314761216,50.0033798218,-0.0004577637,97.173576355,11.7011795044
2011-11-29 19:40:57.433,-78.1454411697,134162.210575354,161.4758888398,202.3152577159,41.666978536,201.3519760005,50.0033760071,0,97.1703720093,11.729347229
2011-11-29 19:40:57.466,-78.1045501168,134164.366158025,161.5451737527,202.300206567,41.7231311641,201.4110443464,50.0033760071,0.0001017423,97.1642303467,11.7185592651
2011-11-29 19:40:57.500,-78.0636027121,134163.344715866,161.5624166595,202.2196321862,41.7071221979,201.2252306423,50.0033874512,0.0004704762,97.1769104004,11.6801757813
2011-11-29 19:40:57.533,-78.0227594722,134162.898800904,161.5934543213,202.2363135944,41.756794303,201.1363793747,50.00340271,0.0004704902,97.1717605591,11.7264709473
2011-11-29 19:40:57.566,-77.9813281801,134162.302877049,161.6256806885,202.4622830383,41.8542928836,201.2004289556,50.0034103394,0.0001653051,97.1724395752,11.7011566162
2011-11-29 19:40:57.600,-77.9402501987,134161.184762167,161.6577448024,202.5593680609,41.9164321922,201.2159036732,50.0034141541,7.62753188610077E-05,97.1853790283,11.6879653931
2011-11-29 19:40:57.633,-77.8999751245,134162.241080851,161.7164153333,202.4896697064,41.947866983,201.2770964513,50.0034141541,-0.0001271535,97.1672592163,11.6972732544
2011-11-29 19:40:57.666,-77.8596463731,134163.598829378,161.7327579102,202.3436392155,41.9638545344,201.2328895268,50.0033988953,-0.0003560353,97.1824417114,11.7098007202
2011-11-29 19:40:57.700,-77.8186971866,134161.356834908,161.7762796833,202.348479378,41.981431051,201.2075726116,50.00340271,0.0001907302,97.1758422852,11.6999893188
2011-11-29 19:40:57.733,-77.7774414359,134159.24225691,161.8185221291,202.3374276506,42.0262030035,201.4347224009,50.00340271,1.39698386192322E-08,97.1664505005,11.7208633423
2011-11-29 19:40:57.766,-77.736126765,134159.721000202,161.8458320024,202.1928923913,42.053482516,201.4519218357,50.0034065247,0.0002034428,97.1818695068,11.6815261841
2011-11-29 19:40:57.800,-77.6956770259,134150.835423516,161.9247155595,202.161716692,42.1002183321,201.325438942,50.0034065247,0,97.1853485107,11.6780700684
2011-11-29 19:40:57.833,-77.6551712322,134161.701904669,161.9883997492,202.2737558491,42.1841135651,201.2456592543,50.0034103394,0.0002288818,97.1801757813,11.6877441406
2011-11-29 19:40:57.866,-77.6143474575,134162.271314186,161.9875430861,202.3984154151,42.239034283,201.3416387804,50.0034103394,-0.0003306242,97.1754760742,11.7015686035
2011-11-29 19:40:57.900,-77.574009448,134163.002385693,162.004806373,202.380233791,42.2504628845,201.4538510694,50.0033874512,-0.0007629208,97.1542892456,11.7234649658
2011-11-29 19:40:57.933,-77.5335243989,134161.531976937,162.0396206271,202.3159693108,42.2916690394,201.3546884219,50.0033760071,-6.35767355561256E-05,97.1703796387,11.6867370605
2011-11-29 19:40:57.966,-77.4923286654,134159.905068189,162.08836658,202.3775017325,42.3508188987,201.3315263622,50.0033874512,0.0005467795,97.1721725464,11.7256851196
2011-11-29 19:40:58.000,-77.4509112348,134159.198896598,162.1379385053,202.4309760513,42.3539894374,201.414136517,50.0034065247,0.0004959013,97.1626815796,11.7216033936
2011-11-29 19:40:58.033,-77.4095514831,134150.157461845,162.1862752173,202.4347197221,42.394544461,201.3731442155,50.0034179688,0.0004831888,97.1825408936,11.6914138794
2011-11-29 19:40:58.066,-77.368820172,134150.288037263,162.2263501966,202.38897768,42.4901491024,201.297115558,50.0034255981,0,97.1867980957,11.6754379272
2011-11-29 19:40:58.100,-77.32907371,134161.633544433,162.2612235998,202.2951614094,42.5270501885,201.2871980699,50.0034255981,-0.0001525646,97.1683273315,11.6976852417
2011-11-29 19:40:58.133,-77.2888005975,134162.032790637,162.294469068,202.254274337,42.5332741601,201.1900952914,50.0033988953,-0.0006357953,97.1804122925,11.7022094727
2011-11-29 19:40:58.166,-77.2473969494,134161.912074355,162.3369449986,202.3621266056,42.5862412149,201.1842751264,50.0033950806,0,97.196975708,11.6925888062
2011-11-29 19:40:58.200,-77.2059887003,134162.352530665,162.3757528559,202.3359399537,42.6223853105,201.3586158351,50.0033950806,1.27265229821205E-05,97.1824645996,11.6936187744
2011-11-29 19:40:58.233,-77.1652844224,134162.736041472,162.4134272463,202.2529567086,42.6449654265,201.4115223361,50.0033950806,0,97.1909179688,11.6703720093
