2011-11-29 19:59:41.333,-144.2882488,134166.76221621,180,0.21362,95.1669489197,201.6220884654,50.003,0,97.1605606079,108.8662872314
2011-11-29 19:59:41.366,-144.2491587664,134164.942969119,180,0.21362,95.2274017294,201.6414389117,50.003,0,97.1727600098,108.8741531372
2011-11-29 19:59:41.400,-144.2068962754,134168.540518895,180,0.21362,95.293442253,201.4483038595,50.003,0,97.1526794434,108.8799057007
2011-11-29 19:59:41.433,-144.1678057152,134166.851241233,0,0,95.3539348416,201.4681240076,50.003,0,97.1575317383,108.8589401245
2011-11-29 19:59:41.466,-144.1255460713,134170.589301778,0,0,95.3539348416,201.4681240076,50.003,0,97.1708602905,108.8584594727
2011-11-29 19:59:41.500,-144.0841617369,134161.615219975,0,0,95.3539348416,201.4681240076,50.003,0,97.1524353027,108.8847961426
2011-11-29 19:59:41.533,-144.041902842,134165.497742137,0,0,95.4144154617,201.4881686884,50.003,0,97.1456222534,108.8779830933
2011-11-29 19:59:41.566,-144.005107375,134171.479211599,0,0,95.4748839819,201.508437835,50.003,0,97.1670150757,108.8718185425
2011-11-29 19:59:41.600,-143.962853936,134175.498256946,0,0,95.5353402713,201.5289313796,50.003,0,97.1424026489,108.8986740112
2011-11-29 19:59:41.633,-143.921460443,134166.799388069,0,0,95.5353402713,201.5289313796,50.003,0,97.1590423584,108.8726882935
2011-11-29 19:59:41.666,-143.8792081037,134170.962883454,0,0,95.5957841991,201.5496492538,50.003,0,97.1589355469,108.8755187988
2011-11-29 19:59:41.700,-143.840114839,134169.797155253,0,0,95.716634447,201.5917577133,50.003,0,97.1447982788,108.8520965576
2011-11-29 19:59:41.733,-143.8010209132,134168.693889759,0,0.21362,95.7226885098,201.3792012354,50.003,0,97.1604156494,108.8694000244
2011-11-29 19:59:41.766,-143.7587730339,134173.065354235,0,0,95.7226885098,201.3792012354,50.003,0,97.1587524414,108.8766021729
2011-11-29 19:59:41.800,-143.7196794499,134172.092055856,90,0.21362,95.7770405062,201.6131481583,50.003,0,97.1608428955,108.8963241577
2011-11-29 19:59:41.833,-143.6774353553,134176.603965256,180,0.21362,95.8374336819,201.6347626517,50.003,0,97.142868042,108.8790740967
2011-11-29 19:59:41.866,-143.6360242864,134168.388084949,-90,0.42724,95.8978138441,201.6566011217,50.003,0,97.1536483765,108.8727722168
2011-11-29 19:59:41.900,-143.5937819065,134173.04442652,-90,0.21362,95.8978138441,201.6566011217,50.003,0,97.1532287598,108.8821258545
2011-11-29 19:59:41.933,-143.5523646821,134164.970145553,0,0,95.8978138441,201.6566011217,50.003,0,97.1376190186,108.8727493286
2011-11-29 19:59:41.966,-143.5132675436,134164.326656088,-90,0.21362,95.9644871013,201.4661987073,50.003,0,97.1612930298,108.8745727539
2011-11-29 19:59:42.000,-143.4764969973,134171.102820135,-90,0.21362,96.0917526792,201.2986270906,50.003,0,97.1406021118,108.8658599854
2011-11-29 19:59:42.033,-143.4319320364,134168.681395194,0,0,96.0917526792,201.2986270906,50.003,0,97.1444320679,108.8821563721
2011-11-29 19:59:42.066,-143.3928355162,134168.230340622,90,0.21362,96.0853070282,201.5110421027,50.003,0,97.1426925659,108.8840103149
2011-11-29 19:59:42.100,-143.3506019728,134173.306491253,0,0.21362,96.0853070282,201.5110421027,50.003,0,97.1467971802,108.8726882935
2011-11-29 19:59:42.133,-143.3115065852,134172.985391605,-90,0.21362,96.1456966946,201.5337997054,50.003,0,97.1567840576,108.866104126
2011-11-29 19:59:42.166,-143.2700729313,134165.389036794,180,0.21362,96.2060726568,201.5567811439,50.003,0,97.1658935547,108.8693084717
2011-11-29 19:59:42.200,-143.2278432684,134170.677074824,180,0.21362,96.3267829515,201.6034152213,50.003,0,97.1363677979,108.8723602295
2011-11-29 19:59:42.233,-143.1887469391,134170.552130969,0,0,96.3267829515,201.6034152213,50.003,0,97.1538238525,108.8650360107
2011-11-29 19:59:42.266,-143.1496505552,134170.489658998,-90,0.21362,96.3267829515,201.6034152213,50.003,0,97.1483917236,108.8839645386
2011-11-29 19:59:42.300,-143.1050803159,134168.663590437,-90,0.21362,96.3334802806,201.3910976388,50.003,0,97.1638565063,108.8836288452
2011-11-29 19:59:42.333,-143.0659834039,134168.734809451,0,0,96.3938771643,201.4147750553,50.003,0,97.1505737305,108.8585357666
2011-11-29 19:59:42.366,-143.0268865516,134168.868501182,0,0,96.4542597825,201.4386762268,50.003,0,97.1700973511,108.8736038208
2011-11-29 19:59:42.400,-142.9846680146,134174.576201693,0,0,96.5146280064,201.4628010736,50.003,0,97.1529846191,108.8689727783
2011-11-29 19:59:42.433,-142.9432171066,134167.53345208,0,0,96.574981707,201.4871495155,50.003,0,97.1615142822,108.8869934082
2011-11-29 19:59:42.466,-142.9010017765,134173.385516633,0,0,96.5819446552,201.2749360108,50.003,0,97.1631088257,108.9048461914
2011-11-29 19:59:42.500,-142.8650233937,134168.2556422,90,0.21362,96.7027334382,201.3243553921,50.003,0,97.1630172729,108.8676757813
2011-11-29 19:59:42.533,-142.8228117617,134174.242611036,0,0,96.7631054606,201.3494004921,50.003,0,97.1463394165,108.854019165
2011-11-29 19:59:42.566,-142.7813524623,134167.474102373,90,0.21362,96.6956450242,201.5365168594,50.003,0,97.142539978,108.865814209
2011-11-29 19:59:42.600,-142.742256075,134168.062600412,90,0.21362,96.748818344,201.7736738354,50.003,0,97.1609573364,108.8795166016
2011-11-29 19:59:42.633,-142.6976807346,134166.978687479,0,0.21362,96.816248707,201.5867776015,50.003,0,97.1533279419,108.8818054199
2011-11-29 19:59:42.666,-142.6554763934,134173.25432823,0,0.21362,96.8765278656,201.6122427886,50.003,0,97.1426773071,108.8528900146
2011-11-29 19:59:42.700,-142.6163823661,134174.043955532,0,0.21362,96.8765278656,201.6122427886,50.003,0,97.164604187,108.881362915
2011-11-29 19:59:42.733,-142.5749129145,134167.62528789,0,0.21362,96.8765278656,201.6122427886,50.003,0,97.1471252441,108.8760681152
2011-11-29 19:59:42.766,-142.5358177785,134168.543642539,90,0.21362,96.8765278656,201.6122427886,50.003,0,97.1599655151,108.868637085
2011-11-29 19:59:42.800,-142.4967231959,134169.524463352,0,0,96.9970401786,201.663842372,50.003,0,97.1474227905,108.8768005371
2011-11-29 19:59:42.833,-142.4552467444,134163.308624461,-90,0.21362,97.0572730784,201.6899765972,50.003,0,97.1506118774,108.8864746094
2011-11-29 19:59:42.866,-142.4130530318,134170.002376627,0,0,96.9970401786,201.663842372,50.003,0,97.1487579346,108.8761444092
2011-11-29 19:59:42.900,-142.3715729177,134163.928378295,0,0,97.0572730784,201.6899765972,50.003,0,97.1480484009,108.8860855103
2011-11-29 19:59:42.933,-142.3324783899,134165.171625844,0,0,97.1174903041,201.7163336626,50.003,0,97.1491851807,108.8600692749
2011-11-29 19:59:42.966,-142.2933846047,134166.47733574,180,0.21362,97.1852800969,201.5309692977,50.003,0,97.1640777588,108.8804397583
2011-11-29 19:59:43.000,-142.2542915988,134167.84550616,180,0.21362,97.2531946127,201.3458875664,50.003,0,97.1632995605,108.8935317993
2011-11-29 19:59:43.033,-142.2097140084,134167.650589582,-135,0.3021043012,97.2531946127,201.3458875664,50.003,0,97.1572723389,108.872253418
2011-11-29 19:59:43.066,-142.1706222587,134169.152439486,-90,0.21362,97.3057595333,201.5848534344,50.003,0,97.1592712402,108.868637085
2011-11-29 19:59:43.100,-142.1315314022,134170.716744473,0,0,97.3659749683,201.6121296171,50.003,0,97.1526947021,108.8811569214
2011-11-29 19:59:43.133,-142.086954727,134170.745481535,0,0,97.3737663613,201.4002743841,50.003,0,97.1536560059,108.8487014771
2011-11-29 19:59:43.166,-142.0478653713,134172.443456118,180,0.21362,97.3737663613,201.4002743841,50.003,0,97.1671447754,108.8970489502
2011-11-29 19:59:43.200,-142.0063704176,134166.988683258,180,0.21362,97.48635664,201.6673497592,50.003,0,97.1545639038,108.8803100586
2011-11-29 19:59:43.233,-141.9672810446,134168.815399342,0,0,97.48635664,201.6673497592,50.003,0,97.1641311646,108.8821105957
2011-11-29 19:59:43.266,-141.9257817546,134163.497299822,-90,0.21362,97.5545006024,201.4835257478,50.003,0,97.145866394,108.8701477051
2011-11-29 19:59:43.300,-141.8836164608,134171.10375721,-90,0.21362,97.6749063679,201.5401396743,50.003,0,97.1462020874,108.88331604
2011-11-29 19:59:43.333,-141.8445300762,134173.126575592,0,0,97.6749063679,201.5401396743,50.003,0,97.142364502,108.8635864258
2011-11-29 19:59:43.366,-141.8030273816,134168.016682664,0,0,97.6668042618,201.7518480378,50.003,0,97.1460723877,108.8735046387
2011-11-29 19:59:43.400,-141.7639413701,134170.168240248,0,0,97.7269196639,201.7804585764,50.003,0,97.1483764648,108.8705215454
2011-11-29 19:59:43.433,-141.7224347531,134165.195053765,0,0,97.7350837543,201.5687802626,50.003,0,97.1462402344,108.8747634888
2011-11-29 19:59:43.466,-141.6833492695,134167.475351841,0,0,97.803487287,201.3859992662,50.003,0,97.1564407349,108.858505249
2011-11-29 19:59:43.500,-141.6387731128,134168.320614131,0,0,97.7952439757,201.5976431414,50.003,0,97.1579742432,108.8791732788
2011-11-29 19:59:43.533,-141.5996900226,134170.734548958,90,0.21362,97.855386907,201.6267282153,50.003,0,97.1472930908,108.8657226563
2011-11-29 19:59:43.566,-141.560608357,134173.210911088,135,0.3021043012,97.915512423,201.6560353881,50.003,0,97.1746368408,108.8845672607
2011-11-29 19:59:43.600,-141.5190954592,134168.582688091,180,0.21362,97.9840495513,201.4740130473,50.003,0,97.1542053223,108.8653030396
2011-11-29 19:59:43.633,-141.4800147117,134171.18778162,0,0,97.9756203991,201.685564563,50.003,0,97.1440124512,108.8623962402
2011-11-29 19:59:43.666,-141.4384984699,134166.696306418,0,0,98.0357107105,201.7153156425,50.003,0,97.1391601563,108.8735351563
2011-11-29 19:59:43.700,-141.3963634622,134175.142179449,0,0,98.1644523378,201.5640259803,50.003,0,97.1470184326,108.87840271
2011-11-29 19:59:43.733,-141.35484571,134170.792647786,180,0.21362,98.1730849264,201.3525734046,50.003,0,97.1436004639,108.8637542725
2011-11-29 19:59:43.766,-141.3133252876,134166.51357057,180,0.21362,98.1730849264,201.3525734046,50.003,0,97.1549224854,108.8487548828
2011-11-29 19:59:43.800,-141.2742482326,134169.447309872,90,0.21362,98.1644523378,201.5640259803,50.003,0,97.1692199707,108.8696670532
2011-11-29 19:59:43.833,-141.232124645,134178.175991921,90,0.21362,98.2245505789,201.5944740861,50.003,0,97.1523132324,108.8698730469
2011-11-29 19:59:43.866,-141.1906027211,134174.105176442,0,0,98.2245505789,201.5944740861,50.003,0,97.1693572998,108.868927002
2011-11-29 19:59:43.900,-141.152123191,134164.361954377,0,0,98.2846306027,201.6251439225,50.003,0,97.1690063477,108.8721923828
2011-11-29 19:59:43.933,-141.1130492264,134167.553131187,0,0,98.3446922853,201.6560353881,50.003,0,97.1612091064,108.8774032593
2011-11-29 19:59:43.966,-141.068479069,134169.437314277,0,0.21362,98.4047355032,201.6871483812,50.003,0,97.1595840454,108.8792572021
2011-11-29 19:59:44.000,-141.0294086329,134172.762058226,90,0.21362,98.4737011108,201.5071923038,50.003,0,97.165687561,108.8862609863
2011-11-29 19:59:44.033,-140.9878791961,134169.035303295,90,0.21362,98.4826608581,201.2959067255,50.003,0,97.1542510986,108.8827056885
2011-11-29 19:59:44.066,-140.9463474739,134165.379040896,0,0,98.5337685334,201.5387811263,50.003,0,97.1725387573,108.8737411499
2011-11-29 19:59:44.100,-140.9072789997,134168.898800458,0,0,98.5247660519,201.7500385393,50.003,0,97.1617660522,108.8791351318
2011-11-29 19:59:44.133,-140.865745101,134165.379353268,0,0,98.5847531368,201.7818154972,50.003,0,97.1501617432,108.8582229614
2011-11-29 19:59:44.166,-140.8266787988,134169.027806575,180,0.21362,98.6538465775,201.6026229849,50.003,0,97.1574020386,108.8806762695
2011-11-29 19:59:44.200,-140.785142888,134165.645181428,135,0.3021043012,98.7138569533,201.6348758105,50.003,0,97.1441345215,108.8570556641
2011-11-29 19:59:44.233,-140.7460789123,134169.422320882,90,0.21362,98.7138569533,201.6348758105,50.003,0,97.1560211182,108.8855209351
2011-11-29 19:59:44.266,-140.7045411539,134166.176523797,90,0.21362,98.7230628526,201.4237241673,50.003,0,97.1674957275,108.8739547729
2011-11-29 19:59:44.300,-140.6630014075,134163.001245489,0,0,98.8431484161,201.4889613749,50.003,0,97.1586151123,108.8799743652
2011-11-29 19:59:44.333,-140.6209181225,134172.781736566,0,0,98.8431484161,201.4889613749,50.003,0,97.1572570801,108.8792724609
2011-11-29 19:59:44.366,-140.5793785083,134169.748426844,0,0,98.8937720273,201.7329605975,50.003,0,97.1682815552,108.8765029907
2011-11-29 19:59:44.400,-140.5433403984,134168.035736969,0,0,98.9537046276,201.7660972716,50.003,0,97.1553039551,108.8807830811
2011-11-29 19:59:44.433,-140.4987807773,134170.957573354,0,0,98.9631557164,201.5550830977,50.003,0,97.1482467651,108.8891601563
2011-11-29 19:59:44.466,-140.459726964,134175.191842946,0,0.21362,98.9726266149,201.3440744195,50.003,0,97.1551818848,108.8756408691
2011-11-29 19:59:44.500,-140.4181846586,134172.432211324,0,0,99.0326618773,201.3775016918,50.003,0,97.1510162354,108.8777160645
2011-11-29 19:59:44.533,-140.3766406661,134169.743116695,0,0,99.0830837781,201.6220884654,50.003,0,97.1447219849,108.8905944824
2011-11-29 19:59:44.566,-140.33509503,134167.124563303,0,0,99.1430177908,201.6559222412,50.003,0,97.1340026855,108.8702087402
2011-11-29 19:59:44.600,-140.2960454641,134171.620084813,0,0,99.2029316299,201.6899765972,50.003,0,97.152130127,108.8807373047
2011-11-29 19:59:44.633,-140.2544988987,134169.138383149,90,0.21362,99.2029316299,201.6899765972,50.003,0,97.1584014893,108.8794937134
2011-11-29 19:59:44.666,-140.2129508181,134166.727230922,135,0.3021043012,99.2628251747,201.7242514216,50.003,0,97.1588439941,108.8943786621
2011-11-29 19:59:44.700,-140.1739053461,134171.417677133,180,0.21362,99.3226983046,201.7587466021,50.003,0,97.1608734131,108.8545227051
2011-11-29 19:59:44.733,-140.1323565853,134169.143380958,0,0,99.3325358585,201.5479511475,50.003,0,97.1581802368,108.8549575806
2011-11-29 19:59:44.766,-140.0908064377,134166.93964146,0,0.21362,99.3924493408,201.582702873,50.003,0,97.1713943481,108.8742370605
2011-11-29 19:59:44.800,-140.0517654147,134171.824991042,0,0,99.4523421037,201.6176749456,50.003,0,97.1452026367,108.8734817505
2011-11-29 19:59:44.833,-140.0102148361,134169.758110055,180,0.21362,99.4423828389,201.8283975786,50.003,0,97.1702957153,108.8597717285
2011-11-29 19:59:44.866,-139.9686629992,134167.761792023,180,0.21362,99.4423828389,201.8283975786,50.003,0,97.1493835449,108.8867721558
2011-11-29 19:59:44.900,-139.9296267798,134172.842020989,90,0.21362,99.5122140271,201.6528672504,50.003,0,97.146697998,108.864692688
2011-11-29 19:59:44.933,-139.8880747612,134170.982562058,90,0.21362,99.5720649912,201.6882796724,50.003,0,97.1599884033,108.8801422119
2011-11-29 19:59:44.966,-139.8465216127,134169.193671401,-45,0.3021043012,99.6318948765,201.7239120954,50.003,0,97.1522750854,108.8712844849
2011-11-29 19:59:45.000,-139.804967378,134167.475351841,-90,0.21362,99.6917035637,201.7597644031,50.003,0,97.1517181396,108.8824386597
2011-11-29 19:59:45.033,-139.7659374706,134172.816720276,0,0,99.6318948765,201.7239120954,50.003,0,97.1571502686,108.8837127686
2011-11-29 19:59:45.066,-139.7273663379,134165.316878888,0,0,99.6917035637,201.7597644031,50.003,0,97.1704711914,108.8791503906
2011-11-29 19:59:45.100,-139.6858094975,134163.800929152,0,0,99.811256868,201.8321282026,50.003,0,97.1574020386,108.8654403687
2011-11-29 19:59:45.133,-139.6412723941,134168.284067424,0,0,99.8710012479,201.8686394582,50.003,0,97.1453094482,108.8835830688
2011-11-29 19:59:45.166,-139.6022494358,134173.886530207,0,0,99.8814061204,201.6581851675,50.003,0,97.1674804688,108.8703155518
2011-11-29 19:59:45.200,-139.560693968,134172.583078899,0,0,99.9411892427,201.6949541609,50.003,0,97.1544570923,108.8787384033
2011-11-29 19:59:45.233,-139.522111589,134165.406841986,90,0.21362,99.9411892427,201.6949541609,50.003,0,97.1545791626,108.8906402588
2011-11-29 19:59:45.266,-139.4805527779,134164.239503637,0,0,99.951676388,201.484544939,50.003,0,97.1675720215,108.8887252808
2011-11-29 19:59:45.300,-139.4415355452,134170.098271439,0,0,100.0712978031,201.5588187805,50.003,0,97.1471557617,108.8903808594
2011-11-29 19:59:45.333,-139.3999775485,134169.067789076,90,0.21362,100.0712978031,201.5588187805,50.003,0,97.153427124,108.8887329102
2011-11-29 19:59:45.366,-139.3584189354,134168.107893413,45,0.3021043012,100.0712978031,201.5588187805,50.003,0,97.1553039551,108.8861999512
2011-11-29 19:59:45.400,-139.3168597494,134167.218585966,0,0,100.12040699,201.8065776996,50.003,0,97.1544799805,108.8711166382
2011-11-29 19:59:45.433,-139.2753000344,134166.399868139,0,0,100.1908305698,201.6339705384,50.003,0,97.1804275513,108.8857879639
2011-11-29 19:59:45.466,-139.2362926903,134172.585890095,90,0.21362,100.1908305698,201.6339705384,50.003,0,97.1690979004,108.8721237183
2011-11-29 19:59:45.500,-139.1947342085,134171.904017294,90,0.21362,100.1908305698,201.6339705384,50.003,0,97.1575698853,108.8747177124
2011-11-29 19:59:45.533,-139.1531753261,134171.292733968,0,0,100.2505634158,201.6718753299,50.003,0,97.1634750366,108.882522583
2011-11-29 19:59:45.566,-139.1145718471,134164.759293763,0,0,100.3211452867,201.4998321895,50.003,0,97.1780853271,108.8699951172
2011-11-29 19:59:45.600,-139.0755716272,134171.201525384,180,0.21362,100.440618204,201.5768170087,50.003,0,97.175163269,108.8798904419
2011-11-29 19:59:45.633,-139.0340121055,134170.792647786,180,0.21362,100.5003203183,201.6156379039,50.003,0,97.1504821777,108.8626785278
2011-11-29 19:59:45.666,-138.9924523524,134170.454362322,180,0.21362,100.5003203183,201.6156379039,50.003,0,97.1605453491,108.865486145
2011-11-29 19:59:45.700,-138.9508924116,134170.186669527,180,0.21362,100.5003203183,201.6156379039,50.003,0,97.1673812866,108.8854064941
2011-11-29 19:59:45.733,-138.9093323269,134169.989569823,0,0,100.559999381,201.6546776209,50.003,0,97.1601638794,108.8744430542
2011-11-29 19:59:45.766,-138.8677721418,134169.863063521,0,0,100.6084836047,201.9039010274,50.003,0,97.1636505127,108.873588562
2011-11-29 19:59:45.800,-138.8291548969,134163.779999992,0,0,100.6196552762,201.6939360329,50.003,0,97.1630401611,108.8719787598
2011-11-29 19:59:45.833,-138.7901686466,134170.677074824,0,0,100.630850231,201.4839787223,50.003,0,97.1654815674,108.8935546875
2011-11-29 19:59:45.866,-138.7486086834,134170.752978159,0,0,100.6905427708,201.5234968305,50.003,0,97.150428772,108.869758606
2011-11-29 19:59:45.900,-138.7070487891,134170.899474597,0,0,100.7388971009,201.77310843,50.003,0,97.1605682373,108.8745574951
2011-11-29 19:59:45.933,-138.6654890075,134171.116563908,180,0.21362,100.7984827998,201.813022158,50.003,0,97.1629333496,108.8883285522
2011-11-29 19:59:45.966,-138.6268632384,134165.35280166,0,0,100.8580448698,201.8531540666,50.003,0,97.1509399414,108.876449585
2011-11-29 19:59:46.000,-138.5853019301,134165.706093799,0,0,100.8580448698,201.8531540666,50.003,0,97.1595458984,108.8640823364
2011-11-29 19:59:46.033,-138.5463291841,134172.991638687,45,0.3021043012,100.9290770647,201.6837544698,50.003,0,97.159828186,108.8817520142
2011-11-29 19:59:46.066,-138.5047705163,134173.481721379,90,0.21362,100.9290770647,201.6837544698,50.003,0,97.1656951904,108.8906097412
2011-11-29 19:59:46.100,-138.4632121739,134174.042393774,0,0,100.9290770647,201.6837544698,50.003,0,97.1555633545,108.8874206543
2011-11-29 19:59:46.133,-138.4216542008,134174.673654986,-90,0.21362,100.9886510965,201.7243645302,50.003,0,97.1655044556,108.8772277832
2011-11-29 19:59:46.166,-138.3800966405,134175.375504021,-90,0.21362,101.1077269088,201.8062385118,50.003,0,97.1730804443,108.870010376
2011-11-29 19:59:46.200,-138.3414603816,134170.062349938,0,0,101.1077269088,201.8062385118,50.003,0,97.148109436,108.8778152466
2011-11-29 19:59:46.233,-138.2999018743,134170.900411674,90,0.21362,101.1077269088,201.8062385118,50.003,0,97.155632019,108.8938980103
2011-11-29 19:59:46.266,-138.2583439081,134171.809060844,0,0,101.1672284615,201.8475021678,50.003,0,97.1577835083,108.8692398071
2011-11-29 19:59:46.300,-138.2167865266,134172.788296013,0,0,101.286158293,201.9306821428,50.003,0,97.1510009766,108.8820800781
2011-11-29 19:59:46.333,-138.1781432495,134167.733054323,0,0,101.2980330392,201.7211974657,50.003,0,97.1550598145,108.8745422363
2011-11-29 19:59:46.366,-138.1365852527,134168.848509904,180,0.21362,101.3575203198,201.763157036,50.003,0,97.1707611084,108.8675079346
2011-11-29 19:59:46.400,-138.0950279687,134170.034549813,0,0,101.3575203198,201.763157036,50.003,0,97.1679763794,108.870262146
2011-11-29 19:59:46.433,-138.0534714413,134171.291172178,0,0.21362,101.3575203198,201.763157036,50.003,0,97.1478271484,108.874458313
2011-11-29 19:59:46.466,-138.0148217736,134166.49389131,0,0,101.416982799,201.8053340084,50.003,0,97.1645355225,108.8804473877
2011-11-29 19:59:46.500,-137.9732649626,134167.886738476,0,0,101.4764203643,201.8477282468,50.003,0,97.1485061646,108.8867797852
2011-11-29 19:59:46.533,-137.9317090363,134169.350165145,90,0.21362,101.5358329036,201.8903396143,50.003,0,97.1586151123,108.8763885498
2011-11-29 19:59:46.566,-137.8930545706,134164.745236965,90,0.21362,101.5479692412,201.6810392995,50.003,0,97.1665039063,108.8824691772
2011-11-29 19:59:46.600,-137.8514986079,134166.344891104,0,0,101.6074156758,201.7239120954,50.003,0,97.1452026367,108.8826751709
2011-11-29 19:59:46.633,-137.8099436581,134168.015120836,0,0.21362,101.6074156758,201.7239120954,50.003,0,97.1723709106,108.8647537231
2011-11-29 19:59:46.666,-137.7683897647,134169.755923523,0,0,101.6074156758,201.7239120954,50.003,0,97.1499481201,108.8761825562
2011-11-29 19:59:46.700,-137.7297300045,134165.409028588,0,0,101.6668367832,201.7670019509,50.003,0,97.1522369385,108.8996047974
2011-11-29 19:59:46.733,-137.6881764065,134167.286057338,180,0.21362,101.7856025709,201.8538322838,50.003,0,97.1596679688,108.8877868652
2011-11-29 19:59:46.766,-137.6466239931,134169.233653852,90,0.21362,101.8449470289,201.8975724813,50.003,0,97.1501922607,108.8746795654
2011-11-29 19:59:46.800,-137.6079602523,134165.079163608,90,0.21362,101.832516303,202.1066485559,50.003,0,97.1698608398,108.8734283447
2011-11-29 19:59:46.833,-137.5664083816,134167.162984532,0,0,101.8449470289,201.8975724813,50.003,0,97.1686019897,108.8869857788
2011-11-29 19:59:46.866,-137.5248578235,134169.31736707,180,0.21362,101.9167809658,201.7325081821,50.003,0,97.175201416,108.8725357056
2011-11-29 19:59:46.900,-137.4833086216,134171.542307824,0,0,102.0354578513,201.8211622325,50.003,0,97.1568527222,108.9067764282
2011-11-29 19:59:46.933,-137.4446406833,134167.645904084,0,0,102.0354578513,201.8211622325,50.003,0,97.1685791016,108.8748397827
2011-11-29 19:59:46.966,-137.4030923558,134170.007062043,90,0.21362,102.0354578513,201.8211622325,50.003,0,97.1631622314,108.874130249
2011-11-29 19:59:47.000,-137.3644217016,134166.237435927,90,0.21362,102.094757077,201.8658137454,50.003,0,97.1704711914,108.8943023682
2011-11-29 19:59:47.033,-137.3228744115,134168.734809451,90,0.21362,102.1540300118,201.9106813924,50.003,0,97.158454895,108.8682098389
2011-11-29 19:59:47.066,-137.2813286899,134171.302729425,0,0,102.1668058778,201.701854671,50.003,0,97.1708908081,108.8618392944
2011-11-29 19:59:47.100,-137.2426551032,134167.72555753,0,0,102.2261108748,201.7469849737,50.003,0,97.1410446167,108.8822555542
2011-11-29 19:59:47.133,-137.2011106662,134170.429685879,0,0,102.2261108748,201.7469849737,50.003,0,97.1762008667,108.883354187
2011-11-29 19:59:47.166,-137.1595679256,134173.204351663,45,0.3021043012,102.2853892814,201.7923313242,50.003,0,97.1480941772,108.8746948242
2011-11-29 19:59:47.200,-137.1182312802,134163.110889898,90,0.21362,102.3446409888,201.8378935768,50.003,0,97.1662521362,108.8816223145
2011-11-29 19:59:47.233,-137.079350547,134172.730510404,0,0,102.3446409888,201.8378935768,50.003,0,97.162399292,108.8959960938
2011-11-29 19:59:47.266,-137.0378111626,134175.711902991,180,0.21362,102.4169020321,201.6750431689,50.003,0,97.1620407104,108.8957977295
2011-11-29 19:59:47.300,-136.9964662549,134165.824170009,0,0,102.4169020321,201.6750431689,50.003,0,97.1614837646,108.8746185303
2011-11-29 19:59:47.333,-136.9549266392,134168.946279721,0,0,102.4761582597,201.7210843553,50.003,0,97.1415863037,108.8640823364
2011-11-29 19:59:47.366,-136.9162443725,134165.885082299,-90,0.21362,102.5353873806,201.7673412046,50.003,0,97.1747283936,108.880859375
2011-11-29 19:59:47.400,-136.8747067043,134169.143380958,-135,0.3021043012,102.5353873806,201.7673412046,50.003,0,97.1539154053,108.8753967285
2011-11-29 19:59:47.433,-136.8331710753,134172.472192809,-135,0.3021043012,102.6078272377,201.6053392112,50.003,0,97.1671066284,108.889541626
2011-11-29 19:59:47.466,-136.7916375291,134175.871512606,0,0,102.667059925,201.6520752083,50.003,0,97.1522903442,108.878036499
2011-11-29 19:59:47.500,-136.750274974,134166.399868139,0,0,102.7854426532,201.746193301,50.003,0,97.1749572754,108.8946838379
2011-11-29 19:59:47.533,-136.711587597,134163.662234358,0,0,102.7262650992,201.6990266217,50.003,0,97.1705932617,108.8945465088
2011-11-29 19:59:47.566,-136.6700545295,134167.267940029,-90,0.21362,102.7129110262,201.9074042444,50.003,0,97.1629943848,108.8936309814
2011-11-29 19:59:47.600,-136.6285237161,134170.944141923,-90,0.21362,102.7720306449,201.954522257,50.003,0,97.1537628174,108.8744430542
2011-11-29 19:59:47.633,-136.5869952003,134174.690834246,180,0.21362,102.8311226207,202.0018551856,50.003,0,97.1554489136,108.8798217773
2011-11-29 19:59:47.666,-136.5483070767,134172.211375871,180,0.21362,102.84459248,201.7935750954,50.003,0,97.155090332,108.8964920044
2011-11-29 19:59:47.700,-136.5096175409,134169.793094553,180,0.21362,102.9037144733,201.8411718534,50.003,0,97.1556015015,108.8784484863
2011-11-29 19:59:47.733,-136.4680921098,134173.741598792,0,0,102.97642188,201.6808130336,50.003,0,97.1578140259,108.8704452515
2011-11-29 19:59:47.766,-136.4267068007,134164.817082805,0,0,103.0355455901,201.7288888218,50.003,0,97.1774978638,108.8749923706
2011-11-29 19:59:47.800,-136.3851823349,134168.906297185,0,0,103.0355455901,201.7288888218,50.003,0,97.1641540527,108.86743927
2011-11-29 19:59:47.833,-136.3464890997,134166.745973042,0,0,103.0946410634,201.7771793134,50.003,0,97.1746826172,108.8771896362
2011-11-29 19:59:47.866,-136.3049677374,134170.971317142,0,0,103.0946410634,201.7771793134,50.003,0,97.1656799316,108.8888092041
2011-11-29 19:59:47.900,-136.2607460708,134168.652345326,135,0.3021043012,103.1399219919,202.0337054718,50.003,0,97.1633148193,108.8795623779
2011-11-29 19:59:47.933,-136.2220508784,134166.688809568,180,0.21362,103.2717570102,201.9233374646,50.003,0,97.1432495117,108.8764038086
2011-11-29 19:59:47.966,-136.1805335479,134171.125309945,0,0,103.2856866716,201.7154287561,50.003,0,97.1741104126,108.8765182495
2011-11-29 19:59:48.000,-136.141837951,134169.288629703,0,0,103.3587414068,201.5567811439,50.003,0,97.1464157104,108.8779144287
2011-11-29 19:59:48.033,-136.1003241389,134173.861229691,180,0.21362,103.3447255224,201.7646271592,50.003,0,97.1520767212,108.8712692261
2011-11-29 19:59:48.066,-136.058915352,134165.558966947,180,0.21362,103.3307384857,201.9724852233,50.003,0,97.1639633179,108.8844451904
2011-11-29 19:59:48.100,-136.0202165996,134163.914633786,180,0.21362,103.3896912008,202.0218469094,50.003,0,97.1706771851,108.8776245117
2011-11-29 19:59:48.133,-135.9759883162,134162.110342295,-90,0.21362,103.4178088018,201.6062446119,50.003,0,97.166847229,108.8987045288
2011-11-29 19:59:48.166,-135.9344781529,134166.964318545,-90,0.21362,103.4910068812,201.4481905959,50.003,0,97.1578369141,108.8697814941
2011-11-29 19:59:48.200,-135.8957784004,134165.5167968,0,0,103.5500734125,201.4981336633,50.003,0,97.1602935791,108.8926544189
2011-11-29 19:59:48.233,-135.8542722545,134170.506838793,90,0.21362,103.5948363341,201.7559193502,50.003,0,97.1831207275,108.8863143921
2011-11-29 19:59:48.266,-135.8155727148,134169.18617469,90,0.21362,103.5948363341,201.7559193502,50.003,0,97.1601028442,108.8939971924
2011-11-29 19:59:48.300,-135.7768724308,134167.926721317,90,0.21362,103.6537869489,201.8062385118,50.003,0,97.1725692749,108.8904724121
2011-11-29 19:59:48.333,-135.7326426689,134166.562300154,90,0.21362,103.6537869489,201.8062385118,50.003,0,97.1533508301,108.8808670044
2011-11-29 19:59:48.366,-135.693940909,134165.434018326,0,0,103.6537869489,201.8062385118,50.003,0,97.1742553711,108.8695373535
2011-11-29 19:59:48.400,-135.6524425547,134170.766409609,0,0,103.7127081107,201.8567711987,50.003,0,97.1594161987,108.8768386841
2011-11-29 19:59:48.433,-135.6137413893,134169.76498201,0,0.21362,103.7715997171,201.9075172504,50.003,0,97.1606674194,108.8860855103
2011-11-29 19:59:48.466,-135.5695108022,134168.69545158,0,0,103.9038529422,201.8022812796,50.003,0,97.1637420654,108.8857650757
2011-11-29 19:59:48.500,-135.5308084799,134167.825202363,90,0.21362,103.9773577954,201.6464176736,50.003,0,97.1440887451,108.8716430664
2011-11-29 19:59:48.533,-135.4893647817,134150.487208926,0,0.21362,103.9627119637,201.8537192477,50.003,0,97.1617355347,108.8857727051
2011-11-29 19:59:48.566,-135.4478733463,134166.166527957,0,0.21362,103.9627119637,201.8537192477,50.003,0,97.1526031494,108.8983459473
2011-11-29 19:59:48.600,-135.4091696204,134165.488683362,0,0,104.0215409331,201.9053701258,50.003,0,97.1523590088,108.8954696655
2011-11-29 19:59:48.633,-135.3649363357,134164.78896922,0,0,104.0803397493,201.9572337505,50.003,0,97.1382904053,108.8748550415
2011-11-29 19:59:48.666,-135.3262318529,134164.242315007,-90,0.21362,104.1539239792,201.8021682147,50.003,0,97.1546630859,108.8759994507
2011-11-29 19:59:48.700,-135.284748695,134170.19822687,-90,0.21362,104.1391083117,202.009309958,50.003,0,97.1573410034,108.8554000854
2011-11-29 19:59:48.733,-135.2460455021,134169.778413559,0,0,104.1539239792,201.8021682147,50.003,0,97.1549301147,108.8920211792
2011-11-29 19:59:48.766,-135.2018130088,134169.373592337,0,0.21362,104.2127186168,201.8545104987,50.003,0,97.1770095825,108.8757171631
2011-11-29 19:59:48.800,-135.163109378,134169.084969052,0,0.21362,104.2714827087,201.9070652261,50.003,0,97.1589736938,108.8961181641
2011-11-29 19:59:48.833,-135.1244055984,134168.857568452,0,0.21362,104.3302161552,201.959832231,50.003,0,97.1777877808,108.8807220459
2011-11-29 19:59:48.866,-135.0801725704,134168.672648998,0,0,104.3452315792,201.7528658736,50.003,0,97.1533432007,108.885017395
2011-11-29 19:59:48.900,-135.0414685907,134168.576440803,90,0.21362,104.3452315792,201.7528658736,50.003,0,97.151763916,108.8871154785
2011-11-29 19:59:48.933,-135,134175.015053306,90,0.21362,104.4039905329,201.8058993235,50.003,0,97.1535949707,108.8810272217
2011-11-29 19:59:48.966,-134.9585314093,134168.576440803,0,0,104.46271855,201.8591449064,50.003,0,97.1497192383,108.8802337646
2011-11-29 19:59:49.000,-134.9170668636,134175.155610459,180,0.21362,104.5214155315,201.9126024545,50.003,0,97.1803283691,108.8870620728
2011-11-29 19:59:49.033,-134.8755944016,134168.857568452,180,0.21362,104.5214155315,201.9126024545,50.003,0,97.1559677124,108.9035339355
2011-11-29 19:59:49.066,-134.836890622,134169.084969052,180,0.21362,104.6540430771,201.813474393,50.003,0,97.1585159302,108.8765563965
2011-11-29 19:59:49.100,-134.7981869912,134169.373592337,0,0,104.6387159942,202.0201527722,50.003,0,97.1576309204,108.8868713379
2011-11-29 19:59:49.133,-134.7539544979,134169.778413559,0,0,104.7127022451,201.8676222062,50.003,0,97.1569824219,108.8935546875
2011-11-29 19:59:49.166,-134.715251305,134170.19822687,0,0.21362,104.7868002643,201.7154287561,50.003,0,97.1657485962,108.8825836182
2011-11-29 19:59:49.200,-134.6737681471,134164.242315007,0,0,104.8454520821,201.7700552136,50.003,0,97.1635513306,108.8671875
2011-11-29 19:59:49.233,-134.6323168121,134171.303978858,0,0,104.8299259185,201.9765520882,50.003,0,97.1441497803,108.8607635498
2011-11-29 19:59:49.266,-134.5936145549,134171.916199202,0,0.21362,104.8454520821,201.7700552136,50.003,0,97.1509246826,108.8773651123
2011-11-29 19:59:49.300,-134.5521266537,134166.166527957,0,0.21362,104.9040720887,201.8248929902,50.003,0,97.1450042725,108.8864212036
2011-11-29 19:59:49.333,-134.5134233366,134166.905593323,0,0.21362,104.8884902297,202.031333815,50.003,0,97.1531219482,108.8955078125
2011-11-29 19:59:49.366,-134.4719814678,134174.238862822,0,0,104.9040720887,201.8248929902,50.003,0,97.1499633789,108.8846588135
2011-11-29 19:59:49.400,-134.4304891978,134168.69545158,0,0.21362,104.9626601875,201.8799419139,50.003,0,97.1544113159,108.8768615723
2011-11-29 19:59:49.433,-134.3917873952,134169.626918106,0,0,105.021216282,201.9352018119,50.003,0,97.1561355591,108.8838424683
2011-11-29 19:59:49.466,-134.3475574453,134170.766409609,0,0,105.0955208442,201.7844162366,50.003,0,97.1446380615,108.9010467529
2011-11-29 19:59:49.500,-134.3088568753,134171.829051681,0,0,105.1540680503,201.8401544629,50.003,0,97.1651000977,108.8954696655
2011-11-29 19:59:49.533,-134.2673573311,134166.562300154,-45,0.3021043012,105.1540680503,201.8401544629,50.003,0,97.1473083496,108.8869018555
2011-11-29 19:59:49.566,-134.2258545504,134161.365940033,0,0,105.1540680503,201.8401544629,50.003,0,97.1590270996,108.8726043701
2011-11-29 19:59:49.600,-134.1844272852,134169.18617469,0,0,105.271065204,201.9522626513,50.003,0,97.1599197388,108.8806152344
2011-11-29 19:59:49.633,-134.1429221694,134164.130484899,180,0.21362,105.271065204,201.9522626513,50.003,0,97.1477279663,108.8688430786
2011-11-29 19:59:49.666,-134.1042215996,134165.5167968,180,0.21362,105.345549252,201.8026204739,50.003,0,97.1417999268,108.8843841553
2011-11-29 19:59:49.700,-134.0628028304,134173.542942546,0,0,105.4040214518,201.8592579394,50.003,0,97.1451263428,108.871383667
2011-11-29 19:59:49.733,-134.0212946048,134168.693577395,-45,0.3021043012,105.4463163677,202.1220016403,50.003,0,97.1863861084,108.8955535889
2011-11-29 19:59:49.766,-133.9825967228,134170.272256313,-90,0.21362,105.4463163677,202.1220016403,50.003,0,97.1583557129,108.8755645752
2011-11-29 19:59:49.800,-133.941084648,134165.558966947,180,0.21362,105.5208671662,201.9731630398,50.003,0,97.1568908691,108.87449646
2011-11-29 19:59:49.833,-133.9023868619,134167.264503987,0,0,105.6118483401,201.6189197943,50.003,0,97.1486968994,108.8946914673
2011-11-29 19:59:49.866,-133.858162049,134169.288629703,0,0,105.5955277954,201.8246668857,50.003,0,97.1601715088,108.8856735229
2011-11-29 19:59:49.900,-133.8194664521,134171.125309945,0,0,105.5955277954,201.8246668857,50.003,0,97.1415786743,108.899520874
2011-11-29 19:59:49.933,-133.7779491216,134166.688809568,0,0,105.7122844545,201.9399473556,50.003,0,97.1699523926,108.8838119507
2011-11-29 19:59:49.966,-133.7392539292,134168.652345326,0,0,105.770612688,201.9979017855,50.003,0,97.1632614136,108.877532959
2011-11-29 19:59:50.000,-133.6977332427,134164.351958402,0,0,105.803616241,201.5867776015,50.003,0,97.1470718384,108.873008728
2011-11-29 19:59:50.033,-133.6590386065,134166.442350377,0,0,105.803616241,201.5867776015,50.003,0,97.1551742554,108.874130249
2011-11-29 19:59:50.066,-133.6148176651,134168.906297185,-90,0.21362,105.7870976545,201.7923313242,50.003,0,97.1576538086,108.88671875
2011-11-29 19:59:50.100,-133.5732931993,134164.817082805,-135,0.3021043012,105.8289074014,202.0560654386,50.003,0,97.1747741699,108.8970184326
2011-11-29 19:59:50.133,-133.5346007557,134167.104259397,135,0.3021043012,105.8871685028,202.1144381342,50.003,0,97.1519851685,108.8864517212
2011-11-29 19:59:50.166,-133.4930733489,134163.151186539,0,0,105.903762585,201.9089863225,50.003,0,97.1449661255,108.890914917
2011-11-29 19:59:50.200,-133.4516929233,134172.211375871,0,0,106.0202923021,202.0264774785,50.003,0,97.1641159058,108.8765106201
2011-11-29 19:59:50.233,-133.4101647197,134168.399017717,-90,0.21362,106.0370290846,201.8211622325,50.003,0,97.1718597412,108.8908157349
2011-11-29 19:59:50.266,-133.3714762839,134170.944141923,-90,0.21362,106.0537999534,201.6158642428,50.003,0,97.1608047485,108.8951339722
2011-11-29 19:59:50.300,-133.3299454705,134167.267940029,0,0,106.0952973076,201.8802809778,50.003,0,97.1695632935,108.9012069702
2011-11-29 19:59:50.333,-133.2912582865,134169.9399044,0,0,106.1535313539,201.9396083919,50.003,0,97.1474456787,108.8887176514
2011-11-29 19:59:50.366,-133.249725026,134166.399868139,0,0,106.1535313539,201.9396083919,50.003,0,97.1648254395,108.8924407959
2011-11-29 19:59:50.400,-133.2081895956,134162.930335809,180,0.21362,106.2117311331,201.999144291,50.003,0,97.1532211304,108.8642272949
2011-11-29 19:59:50.433,-133.1695037007,134165.794807152,180,0.21362,106.2698965557,202.0588884908,50.003,0,97.1606750488,108.8718948364
2011-11-29 19:59:50.466,-133.1252932957,134169.143380958,-135,0.3021043012,106.3450693218,201.9138454849,50.003,0,97.1511001587,108.8875579834
2011-11-29 19:59:50.500,-133.0837556275,134165.885082299,-90,0.21362,106.4203500351,201.769150548,50.003,0,97.1553573608,108.8751449585
2011-11-29 19:59:50.533,-133.0450733608,134168.946279721,-90,0.21362,106.4203500351,201.769150548,50.003,0,97.1585159302,108.8797836304
2011-11-29 19:59:50.566,-133.0035337451,134165.824170009,-90,0.21362,106.4203500351,201.769150548,50.003,0,97.155960083,108.8935928345
2011-11-29 19:59:50.600,-132.9648533474,134169.012188408,-45,0.3021043012,106.4613352347,202.0344960178,50.003,0,97.1582794189,108.9132080078
2011-11-29 19:59:50.633,-132.9233119472,134166.026273758,0,0.21362,106.5194160136,202.0951329771,50.003,0,97.1628875732,108.876373291
2011-11-29 19:59:50.666,-132.8846335701,134169.34110663,90,0.21362,106.5366540323,201.8903396143,50.003,0,97.1601867676,108.8673324585
2011-11-29 19:59:50.700,-132.8430905482,134166.491392356,90,0.21362,106.6528180073,202.0123595583,50.003,0,97.1408843994,108.8819885254
2011-11-29 19:59:50.733,-132.7988893338,134170.429685879,-90,0.21362,106.6528180073,202.0123595583,50.003,0,97.1601715088,108.874786377
2011-11-29 19:59:50.766,-132.7573448968,134167.72555753,0,0,106.7108472674,202.0736806395,50.003,0,97.1613769531,108.8790740967
2011-11-29 19:59:50.800,-132.7213237234,134164.576555276,0,0,106.7108472674,202.0736806395,50.003,0,97.1674423218,108.8837280273
2011-11-29 19:59:50.833,-132.6771255885,134168.734809451,0,0.21362,106.7863286428,201.9306821428,50.003,0,97.1595153809,108.8886871338
2011-11-29 19:59:50.866,-132.6355782984,134166.237435927,0,0,106.8443406102,201.9924798539,50.003,0,97.1515045166,108.8850784302
2011-11-29 19:59:50.900,-132.5969076442,134170.007062043,180,0.21362,106.9023170326,202.0544845121,50.003,0,97.1613922119,108.8899993896
2011-11-29 19:59:50.933,-132.5553593167,134167.645904084,0,0,106.9023170326,202.0544845121,50.003,0,97.143196106,108.8863067627
2011-11-29 19:59:50.966,-132.5138095487,134165.355300635,0,0,106.9779405987,201.9123764481,50.003,0,97.1649856567,108.8787841797
2011-11-29 19:59:51.000,-132.4751421765,134169.31736707,180,0.21362,107.0358987744,201.9748575711,50.003,0,97.1530532837,108.8786468506
2011-11-29 19:59:51.033,-132.4335916184,134167.162984532,0,0,107.0358987744,201.9748575711,50.003,0,97.1544570923,108.8701934814
2011-11-29 19:59:51.066,-132.3949271922,134171.251815056,-90,0.21362,107.018162899,202.1791139072,50.003,0,97.1756515503,108.8956451416
2011-11-29 19:59:51.100,-132.3533760069,134169.233653852,0,0,107.0760321723,202.2417382621,50.003,0,97.1697998047,108.8745269775
2011-11-29 19:59:51.133,-132.3118235935,134167.286057338,0,0,107.1338655592,202.3045687996,50.003,0,97.1496505737,108.8660125732
2011-11-29 19:59:51.166,-132.2702699955,134165.409028588,0,0,107.1517073201,202.1004392567,50.003,0,97.1587219238,108.8966827393
2011-11-29 19:59:51.200,-132.2287152567,134163.602570563,0,0,107.2274882265,201.9594933007,50.003,0,97.1484832764,108.8849029541
2011-11-29 19:59:51.233,-132.190056342,134168.015120836,0,0,107.2673715605,202.2268455786,50.003,0,97.1644515991,108.8706741333
2011-11-29 19:59:51.266,-132.1485013921,134166.344891104,0,0,107.2853550286,202.0228633849,50.003,0,97.1667861938,108.8750762939
2011-11-29 19:59:51.300,-132.1069454294,134164.745236965,0,0,107.3431854802,202.0864394095,50.003,0,97.1574859619,108.894569397
2011-11-29 19:59:51.333,-132.0653884977,134163.216160942,-135,0.3021043012,107.3431854802,202.0864394095,50.003,0,97.1604690552,108.8674545288
2011-11-29 19:59:51.366,-132.0267350374,134167.886738476,180,0.21362,107.3612580385,201.8825413892,50.003,0,97.1684875488,108.8800430298
2011-11-29 19:59:51.400,-131.9851782264,134166.49389131,0,0,107.4769147142,202.010439445,50.003,0,97.1538314819,108.8863372803
2011-11-29 19:59:51.433,-131.9465285587,134171.291172178,0,0.21362,107.5346880329,202.0746968543,50.003,0,97.1460876465,108.8734359741
2011-11-29 19:59:51.466,-131.9049720313,134170.034549813,0,0,107.5346880329,202.0746968543,50.003,0,97.1538391113,108.8756256104
2011-11-29 19:59:51.500,-131.8634147473,134168.848509904,0,0,107.5346880329,202.0746968543,50.003,0,97.1713104248,108.8965759277
2011-11-29 19:59:51.533,-131.8218567505,134167.733054323,0,0,107.6107438791,201.935540783,50.003,0,97.1534042358,108.8829803467
2011-11-29 19:59:51.566,-131.7802980845,134166.68818483,0,0,107.6684958219,202.0002738348,50.003,0,97.1479644775,108.8718795776
2011-11-29 19:59:51.600,-131.7416560919,134171.809060844,180,0.21362,107.7262107035,202.0652119846,50.003,0,97.1542434692,108.8691864014
2011-11-29 19:59:51.633,-131.7026990665,134164.06488619,0,0,107.7262107035,202.0652119846,50.003,0,97.1664581299,108.8798980713
2011-11-29 19:59:51.666,-131.6585396184,134170.062349938,0,0,107.7262107035,202.0652119846,50.003,0,97.1656799316,108.9002761841
2011-11-29 19:59:51.700,-131.6169806139,134169.294876957,0,0,107.7838884427,202.1303550346,50.003,0,97.1622695923,108.8806533813
2011-11-29 19:59:51.733,-131.5780157829,134161.749231181,90,0.21362,107.8415289584,202.1957027868,50.003,0,97.1611633301,108.8821640015
2011-11-29 19:59:51.766,-131.5393803753,134167.189535782,0,0,107.9177492146,202.0579851184,50.003,0,97.1522750854,108.8906478882
2011-11-29 19:59:51.800,-131.4978199205,134166.624461584,0,0,107.994073306,201.9206255159,50.003,0,97.1535186768,108.885055542
2011-11-29 19:59:51.833,-131.4562591374,134166.129980663,90,0.21362,108.0517051773,201.9867188922,50.003,0,97.1591033936,108.8721466064
2011-11-29 19:59:51.866,-131.4146980699,134165.706093799,0,0,108.0329469432,202.1898347673,50.003,0,97.1572265625,108.8883285522
2011-11-29 19:59:51.900,-131.3731367616,134165.35280166,0,0,108.1092992865,202.0530164979,50.003,0,97.1603088379,108.8840484619
2011-11-29 19:59:51.933,-131.3315752563,134165.070104805,0,0.21362,108.1092992865,202.0530164979,50.003,0,97.157699585,108.8916625977
2011-11-29 19:59:51.966,-131.2900135977,134164.858003679,0,0.21362,108.1857549664,201.9165575246,50.003,0,97.1643371582,108.9079208374
2011-11-29 19:59:52.000,-131.2513913166,134170.752978159,-45,0.3021043012,108.3008566383,202.0503062898,50.003,0,97.170211792,108.8901977539
2011-11-29 19:59:52.033,-131.2124072255,134163.789683633,-90,0.42724,108.281854252,202.2531326808,50.003,0,97.1667327881,108.8997650146
2011-11-29 19:59:52.066,-131.1737880997,134169.807150821,-90,0.21362,108.3008566383,202.0503062898,50.003,0,97.1690979004,108.8810501099
2011-11-29 19:59:52.100,-131.1322278582,134169.863063521,0,0,108.3008566383,202.0503062898,50.003,0,97.170753479,108.8821868896
2011-11-29 19:59:52.133,-131.0906676731,134169.989569823,0,0.21362,108.3583502328,202.1174861483,50.003,0,97.1581726074,108.8782730103
2011-11-29 19:59:52.166,-131.0491075884,134170.186669527,0,0,108.3583502328,202.1174861483,50.003,0,97.1632843018,108.8746337891
2011-11-29 19:59:52.200,-131.0075476476,134170.454362322,0,0,108.4158055629,202.184869387,50.003,0,97.1628417969,108.8712463379
2011-11-29 19:59:52.233,-130.9659878945,134170.792647786,90,0.21362,108.4349488229,201.9822003758,50.003,0,97.1456756592,108.8899459839
2011-11-29 19:59:52.266,-130.9269895519,134164.28417318,90,0.21362,108.569130731,201.9152015093,50.003,0,97.1612548828,108.8977279663
2011-11-29 19:59:52.300,-130.8883839131,134170.752041081,0,0,108.5498466225,202.1177119253,50.003,0,97.1746368408,108.8907852173
2011-11-29 19:59:52.333,-130.8468246739,134171.292733968,0,0,108.5498466225,202.1177119253,50.003,0,97.1508712769,108.8670883179
2011-11-29 19:59:52.366,-130.8052657915,134171.904017294,0,0,108.6265727891,201.9833300144,50.003,0,97.1577148438,108.892074585
2011-11-29 19:59:52.400,-130.7637073097,134172.585890095,0,0,108.6839760524,202.0516613984,50.003,0,97.1575088501,108.8847808838
2011-11-29 19:59:52.433,-130.7221492721,134173.338351293,0,0,108.7413404452,202.1201954556,50.003,0,97.1483459473,108.8847503662
2011-11-29 19:59:52.466,-130.6831402506,134167.218585966,0,0,108.798665892,202.18893198,50.003,0,97.1460723877,108.8751068115
2011-11-29 19:59:52.500,-130.6415810646,134168.107893413,0,0,108.8755295501,202.0557266697,50.003,0,97.1656494141,108.8922424316
2011-11-29 19:59:52.533,-130.6025669044,134162.116589883,90,0.21362,108.8755295501,202.0557266697,50.003,0,97.1601791382,108.8859863281
2011-11-29 19:59:52.566,-130.5610067344,134163.142752359,0,0,108.8951459909,201.8536062116,50.003,0,97.1379928589,108.8833236694
2011-11-29 19:59:52.600,-130.5194472221,134164.239503637,0,0,108.9524944811,201.9228854757,50.003,0,97.1658706665,108.8758621216
2011-11-29 19:59:52.633,-130.477888411,134165.406841986,0,0,108.9900860135,202.1943486436,50.003,0,97.1637878418,108.8795394897
2011-11-29 19:59:52.666,-130.436330345,134166.644765563,0,0,109.0098035752,201.9923668955,50.003,0,97.1775512695,108.8851928711
2011-11-29 19:59:52.700,-130.3977505642,134173.886530207,0,0,109.0868806948,201.8601622012,50.003,0,97.1629257202,108.8756561279
2011-11-29 19:59:52.733,-130.3587276059,134168.284067424,-90,0.21362,109.1441611248,201.930117177,50.003,0,97.1670227051,108.8845367432
2011-11-29 19:59:52.766,-130.3171716518,134169.724374994,-90,0.21362,109.1441611248,201.930117177,50.003,0,97.1654663086,108.8692321777
2011-11-29 19:59:52.800,-130.2781441753,134164.250436743,0,0,109.2014018239,202.0002738348,50.003,0,97.1692962646,108.893081665
2011-11-29 19:59:52.833,-130.2336031084,134159.913984501,135,0.3021043012,109.2586027193,202.0706319646,50.003,0,97.150062561,108.8865661621
2011-11-29 19:59:52.866,-130.195032622,134167.475351841,116.5650511771,0.4776688414,109.3157637386,202.141191356,50.003,0,97.1507110596,108.8729934692
2011-11-29 19:59:52.900,-130.1534783873,134169.193671401,90,0.21362,109.3157637386,202.141191356,50.003,0,97.1658096313,108.8874130249
2011-11-29 19:59:52.933,-130.1119252388,134170.982562058,90,0.21362,109.3358118963,201.9396083919,50.003,0,97.1715393066,108.879486084
2011-11-29 19:59:52.966,-130.0698980585,134159.942411492,45,0.3021043012,109.3929829316,202.010439445,50.003,0,97.184211731,108.883392334
2011-11-29 19:59:53.000,-130.0313370008,134167.761792023,0,0,109.4501138323,202.0814714886,50.003,0,97.1458358765,108.8887634277
2011-11-29 19:59:53.033,-129.9897851639,134169.758110055,0,0,109.4703020095,201.8800549353,50.003,0,97.1659393311,108.8893890381
2011-11-29 19:59:53.066,-129.950745053,134164.806462118,0,0,109.5072045272,202.1527043111,50.003,0,97.1641540527,108.885887146
2011-11-29 19:59:53.100,-129.9091935623,134166.93964146,0,0,109.5642549454,202.2241377002,50.003,0,97.156539917,108.8809204102
2011-11-29 19:59:53.133,-129.8676434147,134169.143380958,0,0,109.5845426172,202.0228633849,50.003,0,97.1690368652,108.8894271851
2011-11-29 19:59:53.166,-129.8285987341,134164.386631936,-90,0.21362,109.6048707518,201.8216144492,50.003,0,97.1728363037,108.8854522705
2011-11-29 19:59:53.200,-129.7870491819,134166.727230922,0,0,109.6416022623,202.0945684711,50.003,0,97.1687316895,108.8924179077
2011-11-29 19:59:53.233,-129.7455011013,134169.138383149,0,0,109.719048681,201.9653680127,50.003,0,97.1709136963,108.8887405396
2011-11-29 19:59:53.266,-129.7064522058,134164.576555276,0,0,109.719048681,201.9653680127,50.003,0,97.1594543457,108.8840866089
2011-11-29 19:59:53.300,-129.66490497,134167.124563303,0,0,109.7760766026,202.037545238,50.003,0,97.1669692993,108.8912353516
2011-11-29 19:59:53.333,-129.6233593339,134169.743116695,0,0,109.7760766026,202.037545238,50.003,0,97.1558074951,108.8780899048
2011-11-29 19:59:53.366,-129.5843065786,134165.37622955,0,0,109.8536306067,201.9089863225,50.003,0,97.1815414429,108.8883056641
2011-11-29 19:59:53.400,-129.5427620365,134168.131633187,-90,0.21362,109.8900100132,202.1824995034,50.003,0,97.1588363647,108.8701095581
2011-11-29 19:59:53.433,-129.5037062461,134163.893392268,0,0,109.9469153648,202.2552761136,50.003,0,97.1452102661,108.8714828491
2011-11-29 19:59:53.466,-129.4621629624,134166.785643853,0,0,110.0244939852,202.1275329806,50.003,0,97.1631393433,108.8776550293
2011-11-29 19:59:53.500,-129.4176011273,134163.934938174,90,0.21362,110.0813661792,202.2007807432,50.003,0,97.1567840576,108.8885650635
2011-11-29 19:59:53.533,-129.3785402835,134159.896490965,0,0.21362,110.0813661792,202.2007807432,50.003,0,97.1786651611,108.8834838867
2011-11-29 19:59:53.566,-129.3369985926,134163.001245489,0,0,110.1021705833,202.0001608807,50.003,0,97.1651382446,108.8806762695
2011-11-29 19:59:53.600,-129.2954588461,134166.176523797,0,0,110.1590503785,202.0736806395,50.003,0,97.1673049927,108.8728561401
2011-11-29 19:59:53.633,-129.2563950954,134162.333068648,0,0,110.1949867647,202.3478732848,50.003,0,97.1736297607,108.8905639648
2011-11-29 19:59:53.666,-129.214857112,134165.645181428,0,0,110.1949867647,202.3478732848,50.003,0,97.147895813,108.8899383545
2011-11-29 19:59:53.700,-129.1757909549,134161.930411619,0,0,110.2726856133,202.2213169549,50.003,0,97.1635665894,108.888671875
2011-11-29 19:59:53.733,-129.134254899,134165.379353268,180,0.21362,110.3504816322,202.0951329771,50.003,0,97.162612915,108.9020462036
2011-11-29 19:59:53.766,-129.0927210003,134168.898800458,90,0.21362,110.4283747164,201.9693220495,50.003,0,97.1719665527,108.8745956421
2011-11-29 19:59:53.800,-129.0536525261,134165.379040896,90,0.21362,110.4851434125,202.0439823295,50.003,0,97.1499252319,108.9010162354
2011-11-29 19:59:53.833,-129.0121208039,134169.035303295,0,0,110.4639640609,202.2441074515,50.003,0,97.163230896,108.8866882324
2011-11-29 19:59:53.866,-128.9730503123,134165.644244314,0,0,110.4639640609,202.2441074515,50.003,0,97.145690918,108.8915252686
2011-11-29 19:59:53.900,-128.931520931,134169.437314277,0,0,110.5206424933,202.3188918818,50.003,0,97.1562423706,108.8820343018
2011-11-29 19:59:53.933,-128.8924485767,134166.174961947,0,0,110.5985547551,202.1938972605,50.003,0,97.1613235474,108.8911209106
2011-11-29 19:59:53.966,-128.8509217006,134170.104831016,0,0,110.619872649,201.9939483081,50.003,0,97.1549682617,108.8787689209
2011-11-29 19:59:54.000,-128.8088010037,134161.23317797,0,0,110.6765632616,202.0692769833,50.003,0,97.1621627808,108.8814239502
2011-11-29 19:59:54.033,-128.7672751144,134165.305008753,0,0,110.7332115675,202.1448033341,50.003,0,97.1583633423,108.8851623535
2011-11-29 19:59:54.066,-128.7281977615,134162.304954542,-90,0.21362,110.7117976037,202.3446032176,50.003,0,97.156867981,108.885055542
2011-11-29 19:59:54.100,-128.6866747124,134166.51357057,0,0,110.7332115675,202.1448033341,50.003,0,97.1624221802,108.884765625
2011-11-29 19:59:54.133,-128.6475959666,134163.642242304,180,0.21362,110.7898175035,202.2205271391,50.003,0,97.1695480347,108.9019088745
2011-11-29 19:59:54.166,-128.6060759219,134167.987632652,0,0,110.867933058,202.0968264857,50.003,0,97.1622161865,108.8821182251
2011-11-29 19:59:54.200,-128.5639388201,134159.53756059,0,0,110.9461441525,201.9735019472,50.003,0,97.1586837769,108.8825454712
2011-11-29 19:59:54.233,-128.522420281,134164.024902198,0,0,110.9810277546,202.2494098225,50.003,0,97.1760482788,108.8699493408
2011-11-29 19:59:54.266,-128.4833374937,134161.415921011,0,0,110.9810277546,202.2494098225,50.003,0,97.1738204956,108.8874816895
2011-11-29 19:59:54.300,-128.4418222938,134166.040018051,180,0.21362,110.9810277546,202.2494098225,50.003,0,97.1625976563,108.8957824707
2011-11-29 19:59:54.333,-128.4027385837,134163.559775049,0,0,111.0375110254,202.3259966565,50.003,0,97.1613235474,108.8880615234
2011-11-29 19:59:54.366,-128.3612268873,134168.320614131,0,0.21362,111.0592485536,202.1266299149,50.003,0,97.1561508179,108.8849868774
2011-11-29 19:59:54.400,-128.3221424089,134165.969109977,0,0,111.1375642932,202.0042271884,50.003,0,97.1584091187,108.8774261475
2011-11-29 19:59:54.433,-128.2775652469,134165.195053765,0,0,111.1940564815,202.0813585799,50.003,0,97.174041748,108.8816299438
2011-11-29 19:59:54.466,-128.2384784528,134162.97719243,0,0,111.2505055071,202.158686274,50.003,0,97.1560134888,108.8838348389
2011-11-29 19:59:54.500,-128.1969726184,134168.016682664,0,0,111.2505055071,202.158686274,50.003,0,97.1864395142,108.8949966431
2011-11-29 19:59:54.533,-128.1554699238,134173.126575592,0,0,111.3289240768,202.037206438,50.003,0,97.1517028809,108.9061584473
2011-11-29 19:59:54.566,-128.1163835392,134171.10375721,-45,0.3021043012,111.3289240768,202.037206438,50.003,0,97.1628341675,108.8843078613
2011-11-29 19:59:54.600,-128.0742182454,134163.497299822,-45,0.3021043012,111.3853336126,202.1150025847,50.003,0,97.1712646484,108.8524856567
2011-11-29 19:59:54.633,-128.0351278887,134161.604286654,0,0.21362,111.4416996853,202.1929944913,50.003,0,97.1585769653,108.8591156006
2011-11-29 19:59:54.666,-127.9936295824,134166.988683258,0,0,111.4980222362,202.2711819314,50.003,0,97.1622467041,108.8606338501
2011-11-29 19:59:54.700,-127.9545391633,134165.224416753,180,0.21362,111.5543012068,202.3495646782,50.003,0,97.1585998535,108.8716583252
2011-11-29 19:59:54.733,-127.9099606616,134165.120084403,0,0,111.5543012068,202.3495646782,50.003,0,97.1658096313,108.8775558472
2011-11-29 19:59:54.766,-127.8708686589,134163.489490417,0,0,111.5543012068,202.3495646782,50.003,0,97.1712646484,108.882598877
2011-11-29 19:59:54.800,-127.8317757242,134161.921352603,0,0,111.6328268633,202.2295534208,50.003,0,97.1639556885,108.8818130493
2011-11-29 19:59:54.833,-127.7902859916,134167.650589582,0,0,111.7114456278,202.1099224732,50.003,0,97.1689987183,108.8870849609
2011-11-29 19:59:54.866,-127.7511933848,134166.211196859,180,0.21362,111.7114456278,202.1099224732,50.003,0,97.1695175171,108.8840179443
2011-11-29 19:59:54.900,-127.7066153953,134166.47733574,180,0.21362,111.7338702883,201.9114724202,50.003,0,97.168006897,108.8642120361
2011-11-29 19:59:54.933,-127.6675216101,134165.171625844,0,0,111.7338702883,201.9114724202,50.003,0,97.1670761108,108.9022369385
2011-11-29 19:59:54.966,-127.6284270823,134163.928378295,-90,0.21362,111.8464002737,202.0700673902,50.003,0,97.1837463379,108.8925933838
2011-11-29 19:59:55.000,-127.5893318481,134162.747594831,0,0,111.9587533264,202.2294405948,50.003,0,97.1668624878,108.899230957
2011-11-29 19:59:55.033,-127.5447532556,134163.308624461,90,0.21362,111.9587533264,202.2294405948,50.003,0,97.154045105,108.8806991577
2011-11-29 19:59:55.066,-127.5056571656,134162.261533857,90,0.21362,111.9587533264,202.2294405948,50.003,0,97.1542205811,108.8844604492
2011-11-29 19:59:55.100,-127.4641822215,134168.543642539,0,0,111.9814074161,202.031333815,50.003,0,97.1625366211,108.8894348145
2011-11-29 19:59:55.133,-127.4250870855,134167.62528789,-90,0.21362,112.0375634719,202.1113900741,50.003,0,97.159286499,108.8927383423
2011-11-29 19:59:55.166,-127.3828847619,134161.210686502,90,0.21362,112.1164655855,201.9937223928,50.003,0,97.1561737061,108.8901977539
2011-11-29 19:59:55.200,-127.3414153689,134167.700880585,90,0.21362,112.1725783663,202.0742452039,50.003,0,97.1520233154,108.8684539795
2011-11-29 19:59:55.233,-127.3023192654,134166.978687479,0,0,112.1497419598,202.2720843516,50.003,0,97.1672134399,108.87940979
2011-11-29 19:59:55.266,-127.257743925,134168.062600412,0,0,112.2057642831,202.352721908,50.003,0,97.1569061279,108.8838043213
2011-11-29 19:59:55.300,-127.2186475377,134167.474102373,0,0.21362,112.261741921,202.4335527679,50.003,0,97.1694946289,108.877494812
2011-11-29 19:59:55.333,-127.1795508255,134166.948075401,0,0,112.261741921,202.4335527679,50.003,0,97.1713867188,108.8931045532
2011-11-29 19:59:55.366,-127.140453825,134166.484520233,0,0,112.2846696071,202.2358715783,50.003,0,97.16771698,108.891242981
2011-11-29 19:59:55.400,-127.0958798551,134167.863311025,0,0,112.3636660155,202.1194052447,50.003,0,97.1463241577,108.8821563721
2011-11-29 19:59:55.433,-127.0567828934,134167.53345208,0,0,112.4427533653,202.0033235716,50.003,0,97.1465606689,108.8655776978
2011-11-29 19:59:55.466,-127.0176857576,134167.266065824,0,0,112.4755785622,202.2823490986,50.003,0,97.1540145874,108.8921279907
2011-11-29 19:59:55.500,-126.9731134484,134168.868501182,-90,0.21362,112.5314671448,202.3641100777,50.003,0,97.1471710205,108.8960037231
2011-11-29 19:59:55.533,-126.9340165961,134168.734809451,-90,0.21362,112.5314671448,202.3641100777,50.003,0,97.1634063721,108.8915939331
2011-11-29 19:59:55.566,-126.8949196841,134168.663590437,-90,0.21362,112.5873105314,202.4460634471,50.003,0,97.1835021973,108.8673858643
2011-11-29 19:59:55.600,-126.8558227487,134168.65484424,0,0.21362,112.6663976914,202.3310713428,50.003,0,97.1632843018,108.8747787476
2011-11-29 19:59:55.633,-126.8135957693,134163.222408479,0,0,112.6663976914,202.3310713428,50.003,0,97.1823577881,108.8849411011
2011-11-29 19:59:55.666,-126.7744973014,134163.34361064,180,0.21362,112.6663976914,202.3310713428,50.003,0,97.1611480713,108.8890838623
2011-11-29 19:59:55.700,-126.7299270687,134165.389036794,180,0.21362,112.7455746477,202.2164651809,50.003,0,97.1539840698,108.8994369507
2011-11-29 19:59:55.733,-126.6908293689,134165.643931943,-90,0.21362,112.8248412505,202.102245618,50.003,0,97.1744003296,108.8707122803
2011-11-29 19:59:55.766,-126.6517318359,134165.961300716,0,0,112.904197348,201.9884133097,50.003,0,97.1494750977,108.889289856
2011-11-29 19:59:55.800,-126.609496068,134150.881123582,0,0,112.9599920337,202.0716481947,50.003,0,97.1737213135,108.8829040527
2011-11-29 19:59:55.833,-126.5680679636,134168.681395194,0,0,112.9599920337,202.0716481947,50.003,0,97.1567077637,108.8770446777
2011-11-29 19:59:55.866,-126.5258299517,134163.745638677,45,0.3021043012,112.936387279,202.2683618421,50.003,0,97.1740264893,108.9014892578
2011-11-29 19:59:55.900,-126.4867324564,134164.326656088,45,0.3021043012,112.9920915093,202.3517070895,50.003,0,97.1633987427,108.8757171631
2011-11-29 19:59:55.933,-126.4476353179,134164.970145553,90,0.21362,113.0157407211,202.155074544,50.003,0,97.1692276001,108.8884124756
2011-11-29 19:59:55.966,-126.4053918329,134150.242300261,0,0,113.0951829994,202.0421754473,50.003,0,97.1511535645,108.8882598877
2011-11-29 19:59:56.000,-126.3639757136,134168.388084949,0,0.21362,113.1508837974,202.1260654969,50.003,0,97.1445465088,108.8763427734
2011-11-29 19:59:56.033,-126.3248804657,134169.227718958,45,0.3021043012,113.206538326,202.2101464171,50.003,0,97.1686477661,108.8985748291
2011-11-29 19:59:56.066,-126.2857857253,134170.12981988,90,0.21362,113.206538326,202.2101464171,50.003,0,97.1611557007,108.900970459
2011-11-29 19:59:56.100,-126.2435383741,134165.681416483,0,0,113.2304126595,202.013827868,50.003,0,97.1548614502,108.8809204102
2011-11-29 19:59:56.133,-126.2012882442,134161.305962835,180,0.21362,113.2621465381,202.29441797,50.003,0,97.1534805298,108.8781204224
2011-11-29 19:59:56.166,-126.1621921462,134162.405540537,0,0,113.3177083868,202.3788799174,50.003,0,97.1620025635,108.9016799927
2011-11-29 19:59:56.200,-126.1199383963,134158.170554998,0,0,113.4212825942,202.0714223663,50.003,0,97.1482009888,108.8701324463
2011-11-29 19:59:56.233,-126.078539557,134166.799388069,0,0.21362,113.4212825942,202.0714223663,50.003,0,97.1569366455,108.8866729736
2011-11-29 19:59:56.266,-126.0362846182,134162.708859959,0,0,113.3972299186,202.2674594053,50.003,0,97.1673736572,108.872253418
2011-11-29 19:59:56.300,-125.9971904818,134164.072070812,0,0,113.5323485609,202.2416254428,50.003,0,97.1594848633,108.8888473511
2011-11-29 19:59:56.333,-125.958097158,134165.497742137,-90,0.21362,113.5565353332,202.0457891955,50.003,0,97.1800765991,108.8734893799
2011-11-29 19:59:56.366,-125.9190046833,134166.985871945,-45,0.3021043012,113.6120416406,202.1312580836,50.003,0,97.1493682861,108.8722305298
2011-11-29 19:59:56.400,-125.8767451463,134163.170866289,0,0.21362,113.6432273266,202.4125871936,50.003,0,97.1727752686,108.8737335205
2011-11-29 19:59:56.433,-125.8353639263,134172.211063515,45,0.3021043012,113.6985963977,202.4983519717,50.003,0,97.1650314331,108.8755340576
2011-11-29 19:59:56.466,-125.7953904767,134161.114472956,90,0.21362,113.6675009754,202.2169165137,50.003,0,97.1680755615,108.8761672974
2011-11-29 19:59:56.500,-125.756298725,134162.862549868,180,0.21362,113.691821641,202.0212821986,50.003,0,97.1696929932,108.8909378052
2011-11-29 19:59:56.533,-125.7140334771,134159.328574576,-90,0.21362,113.7472772497,202.1072130282,50.003,0,97.1583175659,108.8901977539
2011-11-29 19:59:56.566,-125.6726622447,134168.643911493,-90,0.21362,113.7472772497,202.1072130282,50.003,0,97.157081604,108.8854980469
2011-11-29 19:59:56.600,-125.6303966828,134165.25440448,0,0,113.778278551,202.3888010365,50.003,0,97.1822662354,108.8975372314
2011-11-29 19:59:56.633,-125.5913084876,134167.266065824,0,0,113.8580468587,202.2796419631,50.003,0,97.1639556885,108.8804931641
2011-11-29 19:59:56.666,-125.5522214826,134169.340169542,0,0,113.937901151,202.1708753864,50.003,0,97.1505889893,108.8835754395
2011-11-29 19:59:56.700,-125.5099532235,134166.158718707,0,0,113.9932105692,202.2576451445,50.003,0,97.1790924072,108.8581161499
2011-11-29 19:59:56.733,-125.4676829827,134163.050288726,0,0,113.9932105692,202.2576451445,50.003,0,97.1486206055,108.8765487671
2011-11-29 19:59:56.766,-125.4285967805,134165.32187684,90,0.21362,114.0731459219,202.1495439574,50.003,0,97.1672363281,108.8773803711
2011-11-29 19:59:56.800,-125.3863244559,134162.353998034,45,0.3021043012,114.1284029303,202.2367741561,50.003,0,97.1610794067,108.8828582764
2011-11-29 19:59:56.833,-125.3472394866,134164.755545283,0,0.21362,114.1284029303,202.2367741561,50.003,0,97.1972503662,108.8884429932
2011-11-29 19:59:56.866,-125.3049652486,134161.92822496,0,0,114.1836122402,202.3241922929,50.003,0,97.1837997437,108.875831604
2011-11-29 19:59:56.900,-125.26588167,134164.459727464,180,0.21362,114.2387738111,202.4117981243,50.003,0,97.1591644287,108.8805007935
2011-11-29 19:59:56.933,-125.2236056889,134161.772972079,-90,0.21362,114.2938876026,202.4995914066,50.003,0,97.1670913696,108.893409729
2011-11-29 19:59:56.966,-125.1845236586,134164.43442517,0,0,114.3738866014,202.3929722709,50.003,0,97.1730804443,108.8729705811
2011-11-29 19:59:57.000,-125.142246105,134161.888240332,0,0,114.3738866014,202.3929722709,50.003,0,97.171546936,108.9037704468
2011-11-29 19:59:57.033,-125.1031657805,134164.679638556,0,0,114.3988676151,202.1984110461,50.003,0,97.1695251465,108.899848938
2011-11-29 19:59:57.066,-125.060886825,134162.274029019,0,0,114.4539697741,202.2867481164,50.003,0,97.1380767822,108.8764648438
2011-11-29 19:59:57.100,-125.0218083639,134165.195366137,0,0,114.4539697741,202.2867481164,50.003,0,97.1440734863,108.8976669312
2011-11-29 19:59:57.133,-124.9795281769,134162.930335809,0,0,114.5341369402,202.1809195656,50.003,0,97.1693191528,108.8798980713
2011-11-29 19:59:57.166,-124.9372465852,134150.738364796,0,0,114.5341369402,202.1809195656,50.003,0,97.1678695679,108.8772735596
2011-11-29 19:59:57.200,-124.8981704888,134163.85715673,0,0,114.6143879176,202.07548724,50.003,0,97.175994873,108.8855743408
2011-11-29 19:59:57.233,-124.8590962272,134167.038349773,0,0,114.5891845722,202.2697154899,50.003,0,97.1767120361,108.879737854
2011-11-29 19:59:57.266,-124.8168140888,134165.054486177,-90,0.21362,114.6694289185,202.1645551976,50.003,0,97.1649246216,108.8866958618
2011-11-29 19:59:57.300,-124.774530723,134163.14368949,0,0,114.724421391,202.2538095568,50.003,0,97.1566314697,108.8917999268
2011-11-29 19:59:57.333,-124.7354593049,134166.522316907,0,0.21362,114.724421391,202.2538095568,50.003,0,97.1647186279,108.8768463135
2011-11-29 19:59:57.366,-124.6931753078,134164.752109177,0,0.21362,114.7497566321,202.0597918592,50.003,0,97.162727356,108.8742141724
2011-11-29 19:59:57.400,-124.6541064652,134168.260640042,0,0,114.8047420465,202.1493182159,50.003,0,97.1680297852,108.8798294067
2011-11-29 19:59:57.433,-124.6118220073,134166.631021332,0,0,114.8596787288,202.239030583,50.003,0,97.1591033936,108.8679962158
2011-11-29 19:59:57.466,-124.5749745599,134162.731038799,180,0.21362,114.914566643,202.328928713,50.003,0,97.1684875488,108.8740386963
2011-11-29 19:59:57.500,-124.53268746,134161.238176074,180,0.21362,114.9949550824,202.2253788156,50.003,0,97.1475372314,108.8726577759
2011-11-29 19:59:57.533,-124.4903994419,134159.818394794,0,0,115.0497863759,202.315734124,50.003,0,97.177406311,108.8779373169
2011-11-29 19:59:57.566,-124.4513347572,134163.650676452,0,0,115.0497863759,202.315734124,50.003,0,97.1702423096,108.8703231812
2011-11-29 19:59:57.600,-124.4090467034,134162.371491249,0,0,115.1045686652,202.4062745524,50.003,0,97.1501235962,108.8773956299
2011-11-29 19:59:57.633,-124.3699851441,134166.333645799,0,0,115.1302489473,202.2128544829,50.003,0,97.1458892822,108.8874282837
2011-11-29 19:59:57.666,-124.3276972251,134165.195053765,0,0,115.1850229941,202.3036665243,50.003,0,97.1630401611,108.8974227905
2011-11-29 19:59:57.700,-124.2876112015,134156.565180327,180,0.21362,115.2397478379,202.3946632874,50.003,0,97.1670532227,108.8887481689
2011-11-29 19:59:57.733,-124.2485516539,134150.72118375,90,0.21362,115.2655588179,202.2014577944,50.003,0,97.1507492065,108.8830108643
2011-11-29 19:59:57.766,-124.2072964979,134172.510924862,0,0.21362,115.3202749936,202.2927261155,50.003,0,97.1583251953,108.880897522
2011-11-29 19:59:57.800,-124.1672050336,134164.078318309,0,0,115.3202749936,202.2927261155,50.003,0,97.1677093506,108.8694458008
2011-11-29 19:59:57.833,-124.1249150029,134163.290194237,0,0,115.4008831875,202.1911889408,50.003,0,97.1616363525,108.8890609741
2011-11-29 19:59:57.866,-124.0858626481,134167.705878448,0,0,115.4555408695,202.2829130806,50.003,0,97.1804656982,108.8902740479
2011-11-29 19:59:57.900,-124.0435733479,134167.058341321,0,0,115.5101489558,202.3748211375,50.003,0,97.162727356,108.8739013672
2011-11-29 19:59:57.933,-124.0012836624,134166.483895494,0,0,115.5362205484,202.1820480939,50.003,0,97.1711578369,108.8679580688
2011-11-29 19:59:57.966,-123.9589936379,134165.982541906,-90,0.21362,115.5623418997,201.9893169933,50.003,0,97.1614303589,108.8739624023
2011-11-29 19:59:58.000,-123.9221295626,134163.065907587,-90,0.21362,115.5623418997,201.9893169933,50.003,0,97.1431350708,108.8888931274
2011-11-29 19:59:58.033,-123.8798382268,134162.701362886,-90,0.21362,115.5623418997,201.9893169933,50.003,0,97.1537857056,108.8983459473
2011-11-29 19:59:58.066,-123.8375466842,134162.40991384,180,0.21362,115.6169806065,202.0815843973,50.003,0,97.1659469604,108.8904647827
2011-11-29 19:59:58.100,-123.7985040889,134167.284183134,180,0.21362,115.6715693921,202.1740354067,50.003,0,97.1497192383,108.8815078735
2011-11-29 19:59:58.133,-123.7583864888,134159.521628932,0,0,115.7523995828,202.0742452039,50.003,0,97.1625518799,108.8768844604
2011-11-29 19:59:58.166,-123.7193459845,134164.522202242,0,0.21362,115.8333094844,201.9748575711,50.003,0,97.1608352661,108.8717575073
2011-11-29 19:59:58.200,-123.6770548768,134164.50814542,0,0.21362,115.8614066922,202.2602397655,50.003,0,97.1608276367,108.8765563965
2011-11-29 19:59:58.233,-123.6347637834,134164.567184065,0,0,115.8614066922,202.2602397655,50.003,0,97.1676330566,108.8694610596
2011-11-29 19:59:58.266,-123.5957294743,134169.76498201,0,0,115.8878276395,202.068034909,50.003,0,97.1521453857,108.8916854858
2011-11-29 19:59:58.300,-123.5556011846,134162.334942921,0,0,115.9702131112,202.4469650878,50.003,0,97.1585769653,108.8986282349
2011-11-29 19:59:58.333,-123.5133095876,134162.603900896,0,0,116.0245409899,202.540601153,50.003,0,97.1677703857,108.8965911865
2011-11-29 19:59:58.366,-123.4742795284,134167.995441796,0,0,116.0510801618,202.3486626035,50.003,0,97.1569519043,108.8877639771
2011-11-29 19:59:58.400,-123.4341441033,134150.764604934,180,0.21362,116.0776697234,202.1567675504,50.003,0,97.161529541,108.8999023438
2011-11-29 19:59:58.433,-123.3918523829,134161.243486559,0,0,116.1053969272,202.4425695515,50.003,0,97.1603851318,108.8806762695
2011-11-29 19:59:58.466,-123.3495609875,134161.795463454,0,0.21362,116.1863310491,202.3449415028,50.003,0,97.1730651855,108.9012145996
2011-11-29 19:59:58.500,-123.3105374708,134167.448175914,45,0.3021043012,116.2405858612,202.4393010138,50.003,0,97.1746368408,108.8605804443
2011-11-29 19:59:58.533,-123.2682484304,134168.140691784,90,0.21362,116.2673431456,202.2477175916,50.003,0,97.1575622559,108.8795013428
2011-11-29 19:59:58.566,-123.2281022544,134161.247859899,180,0.21362,116.2941511649,202.0561783614,50.003,0,97.1482009888,108.8838043213
2011-11-29 19:59:58.600,-123.1912241398,134159.432599045,180,0.21362,116.4026639515,202.2457997127,50.003,0,97.156829834,108.8981933594
2011-11-29 19:59:58.633,-123.1489333129,134150.331329611,0,0,116.375778408,202.4371595295,50.003,0,97.1731033325,108.8786621094
2011-11-29 19:59:58.666,-123.1066430757,134161.303151403,180,0.21362,116.375778408,202.4371595295,50.003,0,97.1512374878,108.8828887939
2011-11-29 19:59:58.700,-123.0643534741,134162.348062835,180,0.21362,116.4026639515,202.2457997127,50.003,0,97.1615982056,108.874130249
2011-11-29 19:59:58.733,-123.0253426839,134168.455555733,0,0,116.456843979,202.3408820422,50.003,0,97.1549530029,108.8856430054
2011-11-29 19:59:58.766,-122.9851845428,134161.961337221,0,0,116.5109730624,202.4361451343,50.003,0,97.1742858887,108.8965072632
2011-11-29 19:59:58.800,-122.9428962228,134163.216160942,0,0,116.5921030068,202.3405437502,50.003,0,97.1489715576,108.8876876831
2011-11-29 19:59:58.833,-122.9038913296,134169.517279021,0,0,116.5921030068,202.3405437502,50.003,0,97.1713790894,108.8796539307
2011-11-29 19:59:58.866,-122.8637277475,134163.222408479,0,0,116.727361733,202.3413330974,50.003,0,97.1679153442,108.9044113159
2011-11-29 19:59:58.900,-122.8214410891,134164.687135518,90,0.21362,116.727361733,202.3413330974,50.003,0,97.1602401733,108.9035568237
2011-11-29 19:59:58.933,-122.7812722541,134158.527614704,90,0.21362,116.6733094885,202.2453484444,50.003,0,97.1509399414,108.8897857666
2011-11-29 19:59:58.966,-122.7422737812,134165.086348176,0,0,116.7545922893,202.1505597907,50.003,0,97.1467895508,108.8860855103
2011-11-29 19:59:59.000,-122.6999891643,134166.760966736,0,0,116.8086312002,202.2468150626,50.003,0,97.1661834717,108.8651580811
2011-11-29 19:59:59.033,-122.6598154943,134150.800841308,180,0.21362,116.8899765001,202.1527043111,50.003,0,97.1562805176,108.8912353516
2011-11-29 19:59:59.066,-122.6175306221,134162.617957918,180,0.21362,116.916554617,202.4398645586,50.003,0,97.1646957397,108.8951416016
2011-11-29 19:59:59.100,-122.5752469184,134164.50814542,0,0,116.8626186502,202.3432500708,50.003,0,97.159362793,108.8843536377
2011-11-29 19:59:59.133,-122.5329644291,134166.471400723,0,0,116.9439501946,202.2494098225,50.003,0,97.1580886841,108.8925857544
2011-11-29 19:59:59.166,-122.4960812033,134165.703907201,0,0,117.0253570826,202.1559774825,50.003,0,97.1645431519,108.8975982666
2011-11-29 19:59:59.200,-122.4538003113,134167.803961464,0,0,117.079264962,202.2531326808,50.003,0,97.1678619385,108.8884811401
2011-11-29 19:59:59.233,-122.4136164481,134162.248101555,90,0.21362,117.079264962,202.2531326808,50.003,0,97.1650466919,108.9010162354
2011-11-29 19:59:59.266,-122.3734292765,134156.758238659,90,0.21362,117.1331210278,202.3504667489,50.003,0,97.1731033325,108.8864440918
2011-11-29 19:59:59.300,-122.3344513093,134163.96680044,90,0.21362,117.2145739935,202.2579835752,50.003,0,97.1670379639,108.8754882813
2011-11-29 19:59:59.333,-122.292172612,134166.346140583,0,0,117.2961013175,202.1659095404,50.003,0,97.1810455322,108.8871078491
2011-11-29 19:59:59.366,-122.2519818186,134161.055745173,0,0,117.2961013175,202.1659095404,50.003,0,97.1683578491,108.8793869019
2011-11-29 19:59:59.400,-122.2130117407,134168.457742286,0,0,117.2961013175,202.1659095404,50.003,0,97.1613616943,108.897102356
2011-11-29 19:59:59.433,-122.1728185161,134163.297378901,0,0,117.4035980834,202.3621933019,50.003,0,97.1722106934,108.8907623291
2011-11-29 19:59:59.466,-122.1305426865,134165.955990417,0,0.21362,117.457268209,202.4606019138,50.003,0,97.1649475098,108.8854522705
2011-11-29 19:59:59.500,-122.0882685553,134168.687642477,0,0,117.4851688136,202.2710691285,50.003,0,97.1559066772,108.8938980103
2011-11-29 19:59:59.533,-122.0480707276,134163.732206524,180,0.21362,117.4851688136,202.2710691285,50.003,0,97.1580963135,108.8761749268
2011-11-29 19:59:59.566,-122.0078699501,134158.842813602,90,0.21362,117.4851688136,202.2710691285,50.003,0,97.169128418,108.8963851929
2011-11-29 19:59:59.600,-121.9655962056,134161.786404428,0,0.21362,117.5388233496,202.3697475483,50.003,0,97.1566238403,108.8784561157
2011-11-29 19:59:59.633,-121.9266426924,134169.644410373,0,0,117.6204515862,202.2793035687,50.003,0,97.1657791138,108.8881988525
2011-11-29 19:59:59.666,-121.8864393814,134164.954526913,0,0,117.6204515862,202.2793035687,50.003,0,97.1750717163,108.8861083984
2011-11-29 19:59:59.700,-121.8441703546,134168.107893413,-90,0.21362,117.6485301316,202.0900523661,50.003,0,97.1716537476,108.8746643066
2011-11-29 19:59:59.733,-121.8039637622,134163.553527528,0,0,117.7021526855,202.1892705257,50.003,0,97.1612319946,108.9004211426
2011-11-29 19:59:59.766,-121.7616962988,134166.849367023,0,0,117.7839264122,202.0996489686,50.003,0,97.1667633057,108.8891830444
2011-11-29 19:59:59.800,-121.7214865914,134162.430530835,0,0,117.7557225911,202.2886656071,50.003,0,97.1659469604,108.8894958496
2011-11-29 19:59:59.833,-121.681274255,134158.077775549,-90,0.21362,117.837479774,202.1993137911,50.003,0,97.1578903198,108.8782424927
2011-11-29 19:59:59.866,-121.6390082108,134161.585543816,0,0,117.972792665,202.2104849273,50.003,0,97.1689834595,108.8957824707
2011-11-29 19:59:59.900,-121.6021232027,134162.165633444,0,0,118.026223273,202.3107718337,50.003,0,97.1633148193,108.8907318115
2011-11-29 19:59:59.933,-121.5598605775,134165.810113323,0,0.21362,118.026223273,202.3107718337,50.003,0,97.1668395996,108.8931274414
2011-11-29 19:59:59.966,-121.51964421,134161.722991235,0,0,118.026223273,202.3107718337,50.003,0,97.1632156372,108.8823699951
2011-11-29 20:00:00.000,-121.4773837521,134165.509924627,0,0,118.0546766226,202.1222274123,50.003,0,97.1730041504,108.8860244751
2011-11-29 20:00:00.033,-121.4371648441,134161.558366696,0,0,118.0831830987,201.9337329305,50.003,0,97.1589202881,108.8872680664
2011-11-29 20:00:00.066,-121.3949067286,134165.487746247,0,0,118.1080898515,202.2227837473,50.003,0,97.1499252319,108.8810882568
2011-11-29 20:00:00.100,-121.3546854467,134161.671760849,-90,0.21362,118.2147568763,202.4244228654,50.003,0,97.1751480103,108.8851470947
2011-11-29 20:00:00.133,-121.3178022047,134162.680433555,0,0,118.2966588208,202.3373863303,50.003,0,97.1443634033,108.8663330078
2011-11-29 20:00:00.166,-121.2755480625,134166.815943599,45,0.3021043012,118.2966588208,202.3373863303,50.003,0,97.1742706299,108.903137207
2011-11-29 20:00:00.200,-121.2332965481,134171.024418128,45,0.3021043012,118.2966588208,202.3373863303,50.003,0,97.1682891846,108.8765640259
2011-11-29 20:00:00.233,-121.1930725293,134167.474102373,0,0.21362,118.3498945014,202.4387374675,50.003,0,97.1636886597,108.899597168
2011-11-29 20:00:00.266,-121.1528464015,134163.989916196,0,0,118.4318484119,202.3523836358,50.003,0,97.1545944214,108.8760223389
2011-11-29 20:00:00.300,-121.1126182041,134150.57186475,0,0,118.4318484119,202.3523836358,50.003,0,97.1567687988,108.8878555298
2011-11-29 20:00:00.333,-121.0703700492,134165.061670746,0,0,118.4318484119,202.3523836358,50.003,0,97.1704940796,108.884475708
2011-11-29 20:00:00.366,-121.030140134,134161.779219684,0,0,118.5138721318,202.266444159,50.003,0,97.1675796509,108.9068145752
2011-11-29 20:00:00.400,-120.9878951856,134166.411425808,180,0.21362,118.567017213,202.3685073182,50.003,0,97.1589508057,108.8912811279
2011-11-29 20:00:00.433,-120.9476637192,134163.264579346,0,0,118.5959654139,202.1809195656,50.003,0,97.1707229614,108.882598877
2011-11-29 20:00:00.466,-120.9107849901,134164.886741996,-90,0.21362,118.6490914541,202.283251469,50.003,0,97.1641921997,108.8653106689
2011-11-29 20:00:00.500,-120.8671952236,134157.169345768,-90,0.21362,118.7021637247,202.3857571085,50.003,0,97.1677322388,108.8824920654
2011-11-29 20:00:00.533,-120.8249546647,134162.082852902,-90,0.21362,118.7551822163,202.4884362202,50.003,0,97.1568832397,108.88230896
2011-11-29 20:00:00.566,-120.7847182813,134159.203932539,0,0,118.7551822163,202.4884362202,50.003,0,97.158416748,108.8909759521
2011-11-29 20:00:00.600,-120.7424814497,134164.259807976,0,0,118.7842875552,202.3011852464,50.003,0,97.1597824097,108.9033355713
2011-11-29 20:00:00.633,-120.7022440114,134161.516507672,135,0.3021043012,118.8664799091,202.2170293467,50.003,0,97.1782150269,108.8862075806
2011-11-29 20:00:00.666,-120.6620049474,134158.839377344,0,0,118.8664799091,202.2170293467,50.003,0,97.1726455688,108.8806228638
